s1,s2,Re(r_ex.tm),Im(r_ex.tm),Abs(r_ex.tm),Arg(r_ex.tm),Re(r_ex.te),Im(r_ex.te),Abs(r_ex.te),Arg(r_ex.te)
+0.00000000E+00,+0.00000000E+00,-7.42618315E-01,-6.69714894E-01,+1.00000000E+00,-2.40776785E+00,-7.42618315E-01,-6.69714894E-01,+1.00000000E+00,-2.40776785E+00
+5.00000000E-03,+0.00000000E+00,-7.42635836E-01,-6.69695465E-01,+1.00000000E+00,-2.40779402E+00,-7.42627426E-01,-6.69704790E-01,+1.00000000E+00,-2.40778146E+00
+1.00000000E-02,+0.00000000E+00,-7.42688396E-01,-6.69637175E-01,+1.00000000E+00,-2.40787250E+00,-7.42654761E-01,-6.69674477E-01,+1.00000000E+00,-2.40782228E+00
+1.50000000E-02,+0.00000000E+00,-7.42775987E-01,-6.69540016E-01,+1.00000000E+00,-2.40800332E+00,-7.42700319E-01,-6.69623951E-01,+1.00000000E+00,-2.40789031E+00
+2.00000000E-02,+0.00000000E+00,-7.42898595E-01,-6.69403972E-01,+1.00000000E+00,-2.40818646E+00,-7.42764101E-01,-6.69553202E-01,+1.00000000E+00,-2.40798556E+00
+2.50000000E-02,+0.00000000E+00,-7.43056199E-01,-6.69229022E-01,+1.00000000E+00,-2.40842193E+00,-7.42846106E-01,-6.69462219E-01,+1.00000000E+00,-2.40810805E+00
+3.00000000E-02,+0.00000000E+00,-7.43248774E-01,-6.69015141E-01,+1.00000000E+00,-2.40870973E+00,-7.42946335E-01,-6.69350986E-01,+1.00000000E+00,-2.40825778E+00
+3.50000000E-02,+0.00000000E+00,-7.43476288E-01,-6.68762296E-01,+1.00000000E+00,-2.40904987E+00,-7.43064788E-01,-6.69219486E-01,+1.00000000E+00,-2.40843476E+00
+4.00000000E-02,+0.00000000E+00,-7.43738704E-01,-6.68470448E-01,+1.00000000E+00,-2.40944234E+00,-7.43201465E-01,-6.69067697E-01,+1.00000000E+00,-2.40863902E+00
+4.50000000E-02,+0.00000000E+00,-7.44035979E-01,-6.68139553E-01,+1.00000000E+00,-2.40988716E+00,-7.43356365E-01,-6.68895593E-01,+1.00000000E+00,-2.40887056E+00
+5.00000000E-02,+0.00000000E+00,-7.44368064E-01,-6.67769561E-01,+1.00000000E+00,-2.41038433E+00,-7.43529491E-01,-6.68703145E-01,+1.00000000E+00,-2.40912942E+00
+5.50000000E-02,+0.00000000E+00,-7.44734903E-01,-6.67360415E-01,+1.00000000E+00,-2.41093385E+00,-7.43720841E-01,-6.68490322E-01,+1.00000000E+00,-2.40941562E+00
+6.00000000E-02,+0.00000000E+00,-7.45136437E-01,-6.66912056E-01,+1.00000000E+00,-2.41153572E+00,-7.43930416E-01,-6.68257089E-01,+1.00000000E+00,-2.40972918E+00
+6.50000000E-02,+0.00000000E+00,-7.45572599E-01,-6.66424414E-01,+1.00000000E+00,-2.41218997E+00,-7.44158216E-01,-6.68003405E-01,+1.00000000E+00,-2.41007013E+00
+7.00000000E-02,+0.00000000E+00,-7.46043316E-01,-6.65897417E-01,+1.00000000E+00,-2.41289658E+00,-7.44404242E-01,-6.67729230E-01,+1.00000000E+00,-2.41043851E+00
+7.50000000E-02,+0.00000000E+00,-7.46548510E-01,-6.65330986E-01,+1.00000000E+00,-2.41365557E+00,-7.44668494E-01,-6.67434517E-01,+1.00000000E+00,-2.41083434E+00
+8.00000000E-02,+0.00000000E+00,-7.47088097E-01,-6.64725037E-01,+1.00000000E+00,-2.41446694E+00,-7.44950972E-01,-6.67119217E-01,+1.00000000E+00,-2.41125767E+00
+8.50000000E-02,+0.00000000E+00,-7.47661986E-01,-6.64079480E-01,+1.00000000E+00,-2.41533071E+00,-7.45251677E-01,-6.66783277E-01,+1.00000000E+00,-2.41170854E+00
+9.00000000E-02,+0.00000000E+00,-7.48270079E-01,-6.63394218E-01,+1.00000000E+00,-2.41624688E+00,-7.45570609E-01,-6.66426640E-01,+1.00000000E+00,-2.41218698E+00
+9.50000000E-02,+0.00000000E+00,-7.48912275E-01,-6.62669151E-01,+1.00000000E+00,-2.41721545E+00,-7.45907768E-01,-6.66049248E-01,+1.00000000E+00,-2.41269304E+00
+1.00000000E-01,+0.00000000E+00,-7.49588464E-01,-6.61904173E-01,+1.00000000E+00,-2.41823644E+00,-7.46263155E-01,-6.65651037E-01,+1.00000000E+00,-2.41322678E+00
+1.05000000E-01,+0.00000000E+00,-7.50298532E-01,-6.61099171E-01,+1.00000000E+00,-2.41930986E+00,-7.46636770E-01,-6.65231939E-01,+1.00000000E+00,-2.41378823E+00
+1.10000000E-01,+0.00000000E+00,-7.51042355E-01,-6.60254028E-01,+1.00000000E+00,-2.42043571E+00,-7.47028614E-01,-6.64791885E-01,+1.00000000E+00,-2.41437746E+00
+1.15000000E-01,+0.00000000E+00,-7.51819806E-01,-6.59368622E-01,+1.00000000E+00,-2.42161400E+00,-7.47438687E-01,-6.64330798E-01,+1.00000000E+00,-2.41499452E+00
+1.20000000E-01,+0.00000000E+00,-7.52630751E-01,-6.58442824E-01,+1.00000000E+00,-2.42284475E+00,-7.47866988E-01,-6.63848603E-01,+1.00000000E+00,-2.41563946E+00
+1.25000000E-01,+0.00000000E+00,-7.53475048E-01,-6.57476503E-01,+1.00000000E+00,-2.42412795E+00,-7.48313520E-01,-6.63345216E-01,+1.00000000E+00,-2.41631236E+00
+1.30000000E-01,+0.00000000E+00,-7.54352550E-01,-6.56469519E-01,+1.00000000E+00,-2.42546363E+00,-7.48778281E-01,-6.62820553E-01,+1.00000000E+00,-2.41701327E+00
+1.35000000E-01,+0.00000000E+00,-7.55263103E-01,-6.55421731E-01,+1.00000000E+00,-2.42685178E+00,-7.49261272E-01,-6.62274525E-01,+1.00000000E+00,-2.41774226E+00
+1.40000000E-01,+0.00000000E+00,-7.56206544E-01,-6.54332991E-01,+1.00000000E+00,-2.42829242E+00,-7.49762494E-01,-6.61707037E-01,+1.00000000E+00,-2.41849940E+00
+1.45000000E-01,+0.00000000E+00,-7.57182707E-01,-6.53203145E-01,+1.00000000E+00,-2.42978555E+00,-7.50281946E-01,-6.61117993E-01,+1.00000000E+00,-2.41928477E+00
+1.50000000E-01,+0.00000000E+00,-7.58191416E-01,-6.52032037E-01,+1.00000000E+00,-2.43133119E+00,-7.50819629E-01,-6.60507293E-01,+1.00000000E+00,-2.42009844E+00
+1.55000000E-01,+0.00000000E+00,-7.59232490E-01,-6.50819504E-01,+1.00000000E+00,-2.43292933E+00,-7.51375543E-01,-6.59874831E-01,+1.00000000E+00,-2.42094049E+00
+1.60000000E-01,+0.00000000E+00,-7.60305739E-01,-6.49565381E-01,+1.00000000E+00,-2.43457999E+00,-7.51949688E-01,-6.59220499E-01,+1.00000000E+00,-2.42181100E+00
+1.65000000E-01,+0.00000000E+00,-7.61410967E-01,-6.48269496E-01,+1.00000000E+00,-2.43628318E+00,-7.52542064E-01,-6.58544183E-01,+1.00000000E+00,-2.42271007E+00
+1.70000000E-01,+0.00000000E+00,-7.62547972E-01,-6.46931674E-01,+1.00000000E+00,-2.43803890E+00,-7.53152671E-01,-6.57845768E-01,+1.00000000E+00,-2.42363777E+00
+1.75000000E-01,+0.00000000E+00,-7.63716541E-01,-6.45551737E-01,+1.00000000E+00,-2.43984715E+00,-7.53781509E-01,-6.57125130E-01,+1.00000000E+00,-2.42459419E+00
+1.80000000E-01,+0.00000000E+00,-7.64916458E-01,-6.44129500E-01,+1.00000000E+00,-2.44170795E+00,-7.54428577E-01,-6.56382146E-01,+1.00000000E+00,-2.42557945E+00
+1.85000000E-01,+0.00000000E+00,-7.66147496E-01,-6.42664776E-01,+1.00000000E+00,-2.44362129E+00,-7.55093876E-01,-6.55616686E-01,+1.00000000E+00,-2.42659362E+00
+1.90000000E-01,+0.00000000E+00,-7.67409423E-01,-6.41157374E-01,+1.00000000E+00,-2.44558718E+00,-7.55777404E-01,-6.54828615E-01,+1.00000000E+00,-2.42763682E+00
+1.95000000E-01,+0.00000000E+00,-7.68701996E-01,-6.39607099E-01,+1.00000000E+00,-2.44760562E+00,-7.56479162E-01,-6.54017796E-01,+1.00000000E+00,-2.42870915E+00
+2.00000000E-01,+0.00000000E+00,-7.70024967E-01,-6.38013754E-01,+1.00000000E+00,-2.44967661E+00,-7.57199149E-01,-6.53184085E-01,+1.00000000E+00,-2.42981072E+00
+2.05000000E-01,+0.00000000E+00,-7.71378080E-01,-6.36377135E-01,+1.00000000E+00,-2.45180015E+00,-7.57937364E-01,-6.52327335E-01,+1.00000000E+00,-2.43094164E+00
+2.10000000E-01,+0.00000000E+00,-7.72761069E-01,-6.34697038E-01,+1.00000000E+00,-2.45397625E+00,-7.58693806E-01,-6.51447395E-01,+1.00000000E+00,-2.43210203E+00
+2.15000000E-01,+0.00000000E+00,-7.74173661E-01,-6.32973256E-01,+1.00000000E+00,-2.45620489E+00,-7.59468475E-01,-6.50544108E-01,+1.00000000E+00,-2.43329200E+00
+2.20000000E-01,+0.00000000E+00,-7.75615576E-01,-6.31205576E-01,+1.00000000E+00,-2.45848608E+00,-7.60261368E-01,-6.49617312E-01,+1.00000000E+00,-2.43451169E+00
+2.25000000E-01,+0.00000000E+00,-7.77086523E-01,-6.29393785E-01,+1.00000000E+00,-2.46081980E+00,-7.61072485E-01,-6.48666842E-01,+1.00000000E+00,-2.43576121E+00
+2.30000000E-01,+0.00000000E+00,-7.78586204E-01,-6.27537667E-01,+1.00000000E+00,-2.46320606E+00,-7.61901825E-01,-6.47692527E-01,+1.00000000E+00,-2.43704070E+00
+2.35000000E-01,+0.00000000E+00,-7.80114313E-01,-6.25637002E-01,+1.00000000E+00,-2.46564484E+00,-7.62749385E-01,-6.46694190E-01,+1.00000000E+00,-2.43835029E+00
+2.40000000E-01,+0.00000000E+00,-7.81670534E-01,-6.23691571E-01,+1.00000000E+00,-2.46813613E+00,-7.63615164E-01,-6.45671651E-01,+1.00000000E+00,-2.43969013E+00
+2.45000000E-01,+0.00000000E+00,-7.83254544E-01,-6.21701150E-01,+1.00000000E+00,-2.47067992E+00,-7.64499160E-01,-6.44624724E-01,+1.00000000E+00,-2.44106035E+00
+2.50000000E-01,+0.00000000E+00,-7.84866009E-01,-6.19665513E-01,+1.00000000E+00,-2.47327619E+00,-7.65401370E-01,-6.43553217E-01,+1.00000000E+00,-2.44246110E+00
+2.55000000E-01,+0.00000000E+00,-7.86504587E-01,-6.17584435E-01,+1.00000000E+00,-2.47592493E+00,-7.66321792E-01,-6.42456934E-01,+1.00000000E+00,-2.44389254E+00
+2.60000000E-01,+0.00000000E+00,-7.88169928E-01,-6.15457687E-01,+1.00000000E+00,-2.47862612E+00,-7.67260423E-01,-6.41335672E-01,+1.00000000E+00,-2.44535482E+00
+2.65000000E-01,+0.00000000E+00,-7.89861670E-01,-6.13285041E-01,+1.00000000E+00,-2.48137974E+00,-7.68217260E-01,-6.40189224E-01,+1.00000000E+00,-2.44684810E+00
+2.70000000E-01,+0.00000000E+00,-7.91579445E-01,-6.11066267E-01,+1.00000000E+00,-2.48418575E+00,-7.69192300E-01,-6.39017376E-01,+1.00000000E+00,-2.44837254E+00
+2.75000000E-01,+0.00000000E+00,-7.93322872E-01,-6.08801134E-01,+1.00000000E+00,-2.48704414E+00,-7.70185539E-01,-6.37819909E-01,+1.00000000E+00,-2.44992832E+00
+2.80000000E-01,+0.00000000E+00,-7.95091564E-01,-6.06489410E-01,+1.00000000E+00,-2.48995487E+00,-7.71196973E-01,-6.36596599E-01,+1.00000000E+00,-2.45151561E+00
+2.85000000E-01,+0.00000000E+00,-7.96885122E-01,-6.04130865E-01,+1.00000000E+00,-2.49291790E+00,-7.72226598E-01,-6.35347214E-01,+1.00000000E+00,-2.45313459E+00
+2.90000000E-01,+0.00000000E+00,-7.98703139E-01,-6.01725267E-01,+1.00000000E+00,-2.49593321E+00,-7.73274409E-01,-6.34071517E-01,+1.00000000E+00,-2.45478544E+00
+2.95000000E-01,+0.00000000E+00,-8.00545195E-01,-5.99272384E-01,+1.00000000E+00,-2.49900075E+00,-7.74340402E-01,-6.32769265E-01,+1.00000000E+00,-2.45646836E+00
+3.00000000E-01,+0.00000000E+00,-8.02410864E-01,-5.96771988E-01,+1.00000000E+00,-2.50212048E+00,-7.75424570E-01,-6.31440207E-01,+1.00000000E+00,-2.45818353E+00
+3.05000000E-01,+0.00000000E+00,-8.04299708E-01,-5.94223847E-01,+1.00000000E+00,-2.50529235E+00,-7.76526909E-01,-6.30084089E-01,+1.00000000E+00,-2.45993116E+00
+3.10000000E-01,+0.00000000E+00,-8.06211278E-01,-5.91627734E-01,+1.00000000E+00,-2.50851631E+00,-7.77647412E-01,-6.28700646E-01,+1.00000000E+00,-2.46171145E+00
+3.15000000E-01,+0.00000000E+00,-8.08145116E-01,-5.88983422E-01,+1.00000000E+00,-2.51179231E+00,-7.78786072E-01,-6.27289609E-01,+1.00000000E+00,-2.46352462E+00
+3.20000000E-01,+0.00000000E+00,-8.10100754E-01,-5.86290686E-01,+1.00000000E+00,-2.51512027E+00,-7.79942882E-01,-6.25850701E-01,+1.00000000E+00,-2.46537087E+00
+3.25000000E-01,+0.00000000E+00,-8.12077713E-01,-5.83549303E-01,+1.00000000E+00,-2.51850015E+00,-7.81117835E-01,-6.24383638E-01,+1.00000000E+00,-2.46725045E+00
+3.30000000E-01,+0.00000000E+00,-8.14075503E-01,-5.80759052E-01,+1.00000000E+00,-2.52193186E+00,-7.82310922E-01,-6.22888129E-01,+1.00000000E+00,-2.46916356E+00
+3.35000000E-01,+0.00000000E+00,-8.16093624E-01,-5.77919715E-01,+1.00000000E+00,-2.52541535E+00,-7.83522134E-01,-6.21363875E-01,+1.00000000E+00,-2.47111045E+00
+3.40000000E-01,+0.00000000E+00,-8.18131566E-01,-5.75031078E-01,+1.00000000E+00,-2.52895052E+00,-7.84751463E-01,-6.19810569E-01,+1.00000000E+00,-2.47309136E+00
+3.45000000E-01,+0.00000000E+00,-8.20188807E-01,-5.72092931E-01,+1.00000000E+00,-2.53253730E+00,-7.85998898E-01,-6.18227897E-01,+1.00000000E+00,-2.47510654E+00
+3.50000000E-01,+0.00000000E+00,-8.22264815E-01,-5.69105065E-01,+1.00000000E+00,-2.53617559E+00,-7.87264429E-01,-6.16615536E-01,+1.00000000E+00,-2.47715624E+00
+3.55000000E-01,+0.00000000E+00,-8.24359046E-01,-5.66067277E-01,+1.00000000E+00,-2.53986530E+00,-7.88548044E-01,-6.14973156E-01,+1.00000000E+00,-2.47924073E+00
+3.60000000E-01,+0.00000000E+00,-8.26470948E-01,-5.62979370E-01,+1.00000000E+00,-2.54360633E+00,-7.89849731E-01,-6.13300418E-01,+1.00000000E+00,-2.48136027E+00
+3.65000000E-01,+0.00000000E+00,-8.28599956E-01,-5.59841150E-01,+1.00000000E+00,-2.54739857E+00,-7.91169478E-01,-6.11596973E-01,+1.00000000E+00,-2.48351514E+00
+3.70000000E-01,+0.00000000E+00,-8.30745492E-01,-5.56652430E-01,+1.00000000E+00,-2.55124192E+00,-7.92507271E-01,-6.09862464E-01,+1.00000000E+00,-2.48570562E+00
+3.75000000E-01,+0.00000000E+00,-8.32906971E-01,-5.53413026E-01,+1.00000000E+00,-2.55513624E+00,-7.93863096E-01,-6.08096526E-01,+1.00000000E+00,-2.48793201E+00
+3.80000000E-01,+0.00000000E+00,-8.35083795E-01,-5.50122764E-01,+1.00000000E+00,-2.55908142E+00,-7.95236938E-01,-6.06298782E-01,+1.00000000E+00,-2.49019460E+00
+3.85000000E-01,+0.00000000E+00,-8.37275355E-01,-5.46781474E-01,+1.00000000E+00,-2.56307731E+00,-7.96628779E-01,-6.04468848E-01,+1.00000000E+00,-2.49249370E+00
+3.90000000E-01,+0.00000000E+00,-8.39481030E-01,-5.43388995E-01,+1.00000000E+00,-2.56712378E+00,-7.98038604E-01,-6.02606328E-01,+1.00000000E+00,-2.49482964E+00
+3.95000000E-01,+0.00000000E+00,-8.41700190E-01,-5.39945173E-01,+1.00000000E+00,-2.57122068E+00,-7.99466394E-01,-6.00710816E-01,+1.00000000E+00,-2.49720273E+00
+4.00000000E-01,+0.00000000E+00,-8.43932193E-01,-5.36449862E-01,+1.00000000E+00,-2.57536786E+00,-8.00912130E-01,-5.98781897E-01,+1.00000000E+00,-2.49961331E+00
+4.05000000E-01,+0.00000000E+00,-8.46176384E-01,-5.32902924E-01,+1.00000000E+00,-2.57956514E+00,-8.02375792E-01,-5.96819142E-01,+1.00000000E+00,-2.50206172E+00
+4.10000000E-01,+0.00000000E+00,-8.48432101E-01,-5.29304231E-01,+1.00000000E+00,-2.58381236E+00,-8.03857358E-01,-5.94822115E-01,+1.00000000E+00,-2.50454831E+00
+4.15000000E-01,+0.00000000E+00,-8.50698668E-01,-5.25653665E-01,+1.00000000E+00,-2.58810934E+00,-8.05356805E-01,-5.92790365E-01,+1.00000000E+00,-2.50707346E+00
+4.20000000E-01,+0.00000000E+00,-8.52975399E-01,-5.21951118E-01,+1.00000000E+00,-2.59245587E+00,-8.06874109E-01,-5.90723431E-01,+1.00000000E+00,-2.50963752E+00
+4.25000000E-01,+0.00000000E+00,-8.55261596E-01,-5.18196491E-01,+1.00000000E+00,-2.59685178E+00,-8.08409246E-01,-5.88620838E-01,+1.00000000E+00,-2.51224089E+00
+4.30000000E-01,+0.00000000E+00,-8.57556551E-01,-5.14389698E-01,+1.00000000E+00,-2.60129683E+00,-8.09962188E-01,-5.86482100E-01,+1.00000000E+00,-2.51488397E+00
+4.35000000E-01,+0.00000000E+00,-8.59859547E-01,-5.10530664E-01,+1.00000000E+00,-2.60579082E+00,-8.11532908E-01,-5.84306717E-01,+1.00000000E+00,-2.51756715E+00
+4.40000000E-01,+0.00000000E+00,-8.62169854E-01,-5.06619328E-01,+1.00000000E+00,-2.61033352E+00,-8.13121374E-01,-5.82094177E-01,+1.00000000E+00,-2.52029085E+00
+4.45000000E-01,+0.00000000E+00,-8.64486731E-01,-5.02655639E-01,+1.00000000E+00,-2.61492469E+00,-8.14727557E-01,-5.79843952E-01,+1.00000000E+00,-2.52305551E+00
+4.50000000E-01,+0.00000000E+00,-8.66809429E-01,-4.98639562E-01,+1.00000000E+00,-2.61956407E+00,-8.16351422E-01,-5.77555501E-01,+1.00000000E+00,-2.52586157E+00
+4.55000000E-01,+0.00000000E+00,-8.69137188E-01,-4.94571075E-01,+1.00000000E+00,-2.62425140E+00,-8.17992934E-01,-5.75228267E-01,+1.00000000E+00,-2.52870948E+00
+4.60000000E-01,+0.00000000E+00,-8.71469236E-01,-4.90450171E-01,+1.00000000E+00,-2.62898641E+00,-8.19652058E-01,-5.72861680E-01,+1.00000000E+00,-2.53159971E+00
+4.65000000E-01,+0.00000000E+00,-8.73804793E-01,-4.86276859E-01,+1.00000000E+00,-2.63376882E+00,-8.21328753E-01,-5.70455151E-01,+1.00000000E+00,-2.53453274E+00
+4.70000000E-01,+0.00000000E+00,-8.76143069E-01,-4.82051162E-01,+1.00000000E+00,-2.63859832E+00,-8.23022979E-01,-5.68008078E-01,+1.00000000E+00,-2.53750908E+00
+4.75000000E-01,+0.00000000E+00,-8.78483263E-01,-4.77773122E-01,+1.00000000E+00,-2.64347461E+00,-8.24734692E-01,-5.65519839E-01,+1.00000000E+00,-2.54052923E+00
+4.80000000E-01,+0.00000000E+00,-8.80824567E-01,-4.73442797E-01,+1.00000000E+00,-2.64839736E+00,-8.26463847E-01,-5.62989796E-01,+1.00000000E+00,-2.54359372E+00
+4.85000000E-01,+0.00000000E+00,-8.83166162E-01,-4.69060263E-01,+1.00000000E+00,-2.65336623E+00,-8.28210395E-01,-5.60417292E-01,+1.00000000E+00,-2.54670309E+00
+4.90000000E-01,+0.00000000E+00,-8.85507220E-01,-4.64625616E-01,+1.00000000E+00,-2.65838088E+00,-8.29974287E-01,-5.57801652E-01,+1.00000000E+00,-2.54985791E+00
+4.95000000E-01,+0.00000000E+00,-8.87846906E-01,-4.60138970E-01,+1.00000000E+00,-2.66344094E+00,-8.31755468E-01,-5.55142182E-01,+1.00000000E+00,-2.55305876E+00
+5.00000000E-01,+0.00000000E+00,-8.90184375E-01,-4.55600459E-01,+1.00000000E+00,-2.66854602E+00,-8.33553882E-01,-5.52438165E-01,+1.00000000E+00,-2.55630622E+00
+5.05000000E-01,+0.00000000E+00,-8.92518775E-01,-4.51010239E-01,+1.00000000E+00,-2.67369574E+00,-8.35369469E-01,-5.49688866E-01,+1.00000000E+00,-2.55960091E+00
+5.10000000E-01,+0.00000000E+00,-8.94849247E-01,-4.46368486E-01,+1.00000000E+00,-2.67888968E+00,-8.37202168E-01,-5.46893526E-01,+1.00000000E+00,-2.56294347E+00
+5.15000000E-01,+0.00000000E+00,-8.97174922E-01,-4.41675400E-01,+1.00000000E+00,-2.68412742E+00,-8.39051913E-01,-5.44051365E-01,+1.00000000E+00,-2.56633456E+00
+5.20000000E-01,+0.00000000E+00,-8.99494927E-01,-4.36931202E-01,+1.00000000E+00,-2.68940851E+00,-8.40918633E-01,-5.41161578E-01,+1.00000000E+00,-2.56977484E+00
+5.25000000E-01,+0.00000000E+00,-9.01808382E-01,-4.32136139E-01,+1.00000000E+00,-2.69473249E+00,-8.42802255E-01,-5.38223336E-01,+1.00000000E+00,-2.57326501E+00
+5.30000000E-01,+0.00000000E+00,-9.04114398E-01,-4.27290481E-01,+1.00000000E+00,-2.70009888E+00,-8.44702703E-01,-5.35235784E-01,+1.00000000E+00,-2.57680580E+00
+5.35000000E-01,+0.00000000E+00,-9.06412084E-01,-4.22394524E-01,+1.00000000E+00,-2.70550719E+00,-8.46619894E-01,-5.32198041E-01,+1.00000000E+00,-2.58039795E+00
+5.40000000E-01,+0.00000000E+00,-9.08700542E-01,-4.17448590E-01,+1.00000000E+00,-2.71095691E+00,-8.48553744E-01,-5.29109199E-01,+1.00000000E+00,-2.58404222E+00
+5.45000000E-01,+0.00000000E+00,-9.10978869E-01,-4.12453028E-01,+1.00000000E+00,-2.71644749E+00,-8.50504161E-01,-5.25968319E-01,+1.00000000E+00,-2.58773942E+00
+5.50000000E-01,+0.00000000E+00,-9.13246158E-01,-4.07408215E-01,+1.00000000E+00,-2.72197839E+00,-8.52471049E-01,-5.22774435E-01,+1.00000000E+00,-2.59149036E+00
+5.55000000E-01,+0.00000000E+00,-9.15501500E-01,-4.02314557E-01,+1.00000000E+00,-2.72754902E+00,-8.54454309E-01,-5.19526547E-01,+1.00000000E+00,-2.59529590E+00
+5.60000000E-01,+0.00000000E+00,-9.17743981E-01,-3.97172489E-01,+1.00000000E+00,-2.73315881E+00,-8.56453834E-01,-5.16223624E-01,+1.00000000E+00,-2.59915691E+00
+5.65000000E-01,+0.00000000E+00,-9.19972684E-01,-3.91982475E-01,+1.00000000E+00,-2.73880712E+00,-8.58469512E-01,-5.12864599E-01,+1.00000000E+00,-2.60307431E+00
+5.70000000E-01,+0.00000000E+00,-9.22186692E-01,-3.86745014E-01,+1.00000000E+00,-2.74449332E+00,-8.60501224E-01,-5.09448372E-01,+1.00000000E+00,-2.60704904E+00
+5.75000000E-01,+0.00000000E+00,-9.24385085E-01,-3.81460633E-01,+1.00000000E+00,-2.75021676E+00,-8.62548845E-01,-5.05973803E-01,+1.00000000E+00,-2.61108208E+00
+5.80000000E-01,+0.00000000E+00,-9.26566945E-01,-3.76129894E-01,+1.00000000E+00,-2.75597674E+00,-8.64612244E-01,-5.02439715E-01,+1.00000000E+00,-2.61517444E+00
+5.85000000E-01,+0.00000000E+00,-9.28731350E-01,-3.70753394E-01,+1.00000000E+00,-2.76177256E+00,-8.66691281E-01,-4.98844889E-01,+1.00000000E+00,-2.61932717E+00
+5.90000000E-01,+0.00000000E+00,-9.30877384E-01,-3.65331763E-01,+1.00000000E+00,-2.76760348E+00,-8.68785808E-01,-4.95188065E-01,+1.00000000E+00,-2.62354137E+00
+5.95000000E-01,+0.00000000E+00,-9.33004127E-01,-3.59865667E-01,+1.00000000E+00,-2.77346874E+00,-8.70895671E-01,-4.91467935E-01,+1.00000000E+00,-2.62781815E+00
+6.00000000E-01,+0.00000000E+00,-9.35110667E-01,-3.54355811E-01,+1.00000000E+00,-2.77936757E+00,-8.73020703E-01,-4.87683147E-01,+1.00000000E+00,-2.63215871E+00
+6.05000000E-01,+0.00000000E+00,-9.37196091E-01,-3.48802934E-01,+1.00000000E+00,-2.78529914E+00,-8.75160732E-01,-4.83832299E-01,+1.00000000E+00,-2.63656425E+00
+6.10000000E-01,+0.00000000E+00,-9.39259492E-01,-3.43207818E-01,+1.00000000E+00,-2.79126262E+00,-8.77315573E-01,-4.79913936E-01,+1.00000000E+00,-2.64103604E+00
+6.15000000E-01,+0.00000000E+00,-9.41299968E-01,-3.37571281E-01,+1.00000000E+00,-2.79725713E+00,-8.79485030E-01,-4.75926551E-01,+1.00000000E+00,-2.64557541E+00
+6.20000000E-01,+0.00000000E+00,-9.43316623E-01,-3.31894184E-01,+1.00000000E+00,-2.80328178E+00,-8.81668898E-01,-4.71868578E-01,+1.00000000E+00,-2.65018371E+00
+6.25000000E-01,+0.00000000E+00,-9.45308566E-01,-3.26177429E-01,+1.00000000E+00,-2.80933564E+00,-8.83866957E-01,-4.67738390E-01,+1.00000000E+00,-2.65486238E+00
+6.30000000E-01,+0.00000000E+00,-9.47274916E-01,-3.20421963E-01,+1.00000000E+00,-2.81541775E+00,-8.86078976E-01,-4.63534301E-01,+1.00000000E+00,-2.65961290E+00
+6.35000000E-01,+0.00000000E+00,-9.49214799E-01,-3.14628772E-01,+1.00000000E+00,-2.82152711E+00,-8.88304709E-01,-4.59254552E-01,+1.00000000E+00,-2.66443682E+00
+6.40000000E-01,+0.00000000E+00,-9.51127354E-01,-3.08798893E-01,+1.00000000E+00,-2.82766270E+00,-8.90543895E-01,-4.54897320E-01,+1.00000000E+00,-2.66933574E+00
+6.45000000E-01,+0.00000000E+00,-9.53011727E-01,-3.02933406E-01,+1.00000000E+00,-2.83382346E+00,-8.92796256E-01,-4.50460703E-01,+1.00000000E+00,-2.67431136E+00
+6.50000000E-01,+0.00000000E+00,-9.54867078E-01,-2.97033439E-01,+1.00000000E+00,-2.84000829E+00,-8.95061500E-01,-4.45942723E-01,+1.00000000E+00,-2.67936542E+00
+6.55000000E-01,+0.00000000E+00,-9.56692580E-01,-2.91100167E-01,+1.00000000E+00,-2.84621605E+00,-8.97339312E-01,-4.41341318E-01,+1.00000000E+00,-2.68449976E+00
+6.60000000E-01,+0.00000000E+00,-9.58487420E-01,-2.85134819E-01,+1.00000000E+00,-2.85244557E+00,-8.99629362E-01,-4.36654339E-01,+1.00000000E+00,-2.68971628E+00
+6.65000000E-01,+0.00000000E+00,-9.60250802E-01,-2.79138671E-01,+1.00000000E+00,-2.85869565E+00,-9.01931295E-01,-4.31879543E-01,+1.00000000E+00,-2.69501700E+00
+6.70000000E-01,+0.00000000E+00,-9.61981944E-01,-2.73113053E-01,+1.00000000E+00,-2.86496502E+00,-9.04244734E-01,-4.27014591E-01,+1.00000000E+00,-2.70040401E+00
+6.75000000E-01,+0.00000000E+00,-9.63680084E-01,-2.67059350E-01,+1.00000000E+00,-2.87125240E+00,-9.06569280E-01,-4.22057036E-01,+1.00000000E+00,-2.70587950E+00
+6.80000000E-01,+0.00000000E+00,-9.65344478E-01,-2.60979000E-01,+1.00000000E+00,-2.87755644E+00,-9.08904503E-01,-4.17004322E-01,+1.00000000E+00,-2.71144576E+00
+6.85000000E-01,+0.00000000E+00,-9.66974405E-01,-2.54873499E-01,+1.00000000E+00,-2.88387577E+00,-9.11249948E-01,-4.11853776E-01,+1.00000000E+00,-2.71710520E+00
+6.90000000E-01,+0.00000000E+00,-9.68569163E-01,-2.48744402E-01,+1.00000000E+00,-2.89020896E+00,-9.13605127E-01,-4.06602598E-01,+1.00000000E+00,-2.72286036E+00
+6.95000000E-01,+0.00000000E+00,-9.70128075E-01,-2.42593320E-01,+1.00000000E+00,-2.89655452E+00,-9.15969519E-01,-4.01247853E-01,+1.00000000E+00,-2.72871388E+00
+7.00000000E-01,+0.00000000E+00,-9.71650488E-01,-2.36421930E-01,+1.00000000E+00,-2.90291093E+00,-9.18342568E-01,-3.95786467E-01,+1.00000000E+00,-2.73466856E+00
+7.05000000E-01,+0.00000000E+00,-9.73135777E-01,-2.30231969E-01,+1.00000000E+00,-2.90927660E+00,-9.20723677E-01,-3.90215210E-01,+1.00000000E+00,-2.74072733E+00
+7.10000000E-01,+0.00000000E+00,-9.74583343E-01,-2.24025240E-01,+1.00000000E+00,-2.91564991E+00,-9.23112207E-01,-3.84530692E-01,+1.00000000E+00,-2.74689328E+00
+7.15000000E-01,+0.00000000E+00,-9.75992616E-01,-2.17803614E-01,+1.00000000E+00,-2.92202916E+00,-9.25507473E-01,-3.78729346E-01,+1.00000000E+00,-2.75316967E+00
+7.20000000E-01,+0.00000000E+00,-9.77363058E-01,-2.11569028E-01,+1.00000000E+00,-2.92841260E+00,-9.27908738E-01,-3.72807423E-01,+1.00000000E+00,-2.75955993E+00
+7.25000000E-01,+0.00000000E+00,-9.78694162E-01,-2.05323492E-01,+1.00000000E+00,-2.93479842E+00,-9.30315211E-01,-3.66760968E-01,+1.00000000E+00,-2.76606768E+00
+7.30000000E-01,+0.00000000E+00,-9.79985458E-01,-1.99069090E-01,+1.00000000E+00,-2.94118475E+00,-9.32726042E-01,-3.60585815E-01,+1.00000000E+00,-2.77269677E+00
+7.35000000E-01,+0.00000000E+00,-9.81236507E-01,-1.92807978E-01,+1.00000000E+00,-2.94756963E+00,-9.35140314E-01,-3.54277565E-01,+1.00000000E+00,-2.77945124E+00
+7.40000000E-01,+0.00000000E+00,-9.82446912E-01,-1.86542395E-01,+1.00000000E+00,-2.95395107E+00,-9.37557037E-01,-3.47831571E-01,+1.00000000E+00,-2.78633540E+00
+7.45000000E-01,+0.00000000E+00,-9.83616311E-01,-1.80274657E-01,+1.00000000E+00,-2.96032698E+00,-9.39975144E-01,-3.41242916E-01,+1.00000000E+00,-2.79335379E+00
+7.50000000E-01,+0.00000000E+00,-9.84744386E-01,-1.74007166E-01,+1.00000000E+00,-2.96669519E+00,-9.42393481E-01,-3.34506393E-01,+1.00000000E+00,-2.80051125E+00
+7.55000000E-01,+0.00000000E+00,-9.85830860E-01,-1.67742411E-01,+1.00000000E+00,-2.97305347E+00,-9.44810797E-01,-3.27616480E-01,+1.00000000E+00,-2.80781293E+00
+7.60000000E-01,+0.00000000E+00,-9.86875499E-01,-1.61482970E-01,+1.00000000E+00,-2.97939949E+00,-9.47225736E-01,-3.20567316E-01,+1.00000000E+00,-2.81526430E+00
+7.65000000E-01,+0.00000000E+00,-9.87878118E-01,-1.55231517E-01,+1.00000000E+00,-2.98573085E+00,-9.49636828E-01,-3.13352668E-01,+1.00000000E+00,-2.82287119E+00
+7.70000000E-01,+0.00000000E+00,-9.88838579E-01,-1.48990822E-01,+1.00000000E+00,-2.99204503E+00,-9.52042471E-01,-3.05965903E-01,+1.00000000E+00,-2.83063983E+00
+7.75000000E-01,+0.00000000E+00,-9.89756793E-01,-1.42763761E-01,+1.00000000E+00,-2.99833943E+00,-9.54440921E-01,-2.98399947E-01,+1.00000000E+00,-2.83857687E+00
+7.80000000E-01,+0.00000000E+00,-9.90632723E-01,-1.36553314E-01,+1.00000000E+00,-3.00461136E+00,-9.56830276E-01,-2.90647249E-01,+1.00000000E+00,-2.84668943E+00
+7.85000000E-01,+0.00000000E+00,-9.91466388E-01,-1.30362575E-01,+1.00000000E+00,-3.01085799E+00,-9.59208455E-01,-2.82699735E-01,+1.00000000E+00,-2.85498516E+00
+7.90000000E-01,+0.00000000E+00,-9.92257861E-01,-1.24194756E-01,+1.00000000E+00,-3.01707639E+00,-9.61573180E-01,-2.74548756E-01,+1.00000000E+00,-2.86347226E+00
+7.95000000E-01,+0.00000000E+00,-9.93007273E-01,-1.18053193E-01,+1.00000000E+00,-3.02326352E+00,-9.63921951E-01,-2.66185033E-01,+1.00000000E+00,-2.87215955E+00
+8.00000000E-01,+0.00000000E+00,-9.93714815E-01,-1.11941354E-01,+1.00000000E+00,-3.02941618E+00,-9.66252019E-01,-2.57598594E-01,+1.00000000E+00,-2.88105656E+00
+8.05000000E-01,+0.00000000E+00,-9.94380741E-01,-1.05862846E-01,+1.00000000E+00,-3.03553107E+00,-9.68560354E-01,-2.48778697E-01,+1.00000000E+00,-2.89017355E+00
+8.10000000E-01,+0.00000000E+00,-9.95005369E-01,-9.98214216E-02,+1.00000000E+00,-3.04160471E+00,-9.70843610E-01,-2.39713758E-01,+1.00000000E+00,-2.89952165E+00
+8.15000000E-01,+0.00000000E+00,-9.95589083E-01,-9.38209922E-02,+1.00000000E+00,-3.04763347E+00,-9.73098080E-01,-2.30391248E-01,+1.00000000E+00,-2.90911293E+00
+8.20000000E-01,+0.00000000E+00,-9.96132336E-01,-8.78656347E-02,+1.00000000E+00,-3.05361357E+00,-9.75319651E-01,-2.20797594E-01,+1.00000000E+00,-2.91896048E+00
+8.25000000E-01,+0.00000000E+00,-9.96635652E-01,-8.19596051E-02,+1.00000000E+00,-3.05954101E+00,-9.77503746E-01,-2.10918056E-01,+1.00000000E+00,-2.92907860E+00
+8.30000000E-01,+0.00000000E+00,-9.97099630E-01,-7.61073507E-02,+1.00000000E+00,-3.06541164E+00,-9.79645253E-01,-2.00736589E-01,+1.00000000E+00,-2.93948290E+00
+8.35000000E-01,+0.00000000E+00,-9.97524941E-01,-7.03135246E-02,+1.00000000E+00,-3.07122106E+00,-9.81738451E-01,-1.90235681E-01,+1.00000000E+00,-2.95019045E+00
+8.40000000E-01,+0.00000000E+00,-9.97912339E-01,-6.45830024E-02,+1.00000000E+00,-3.07696467E+00,-9.83776913E-01,-1.79396170E-01,+1.00000000E+00,-2.96122002E+00
+8.45000000E-01,+0.00000000E+00,-9.98262655E-01,-5.89209003E-02,+1.00000000E+00,-3.08263761E+00,-9.85753397E-01,-1.68197026E-01,+1.00000000E+00,-2.97259230E+00
+8.50000000E-01,+0.00000000E+00,-9.98576804E-01,-5.33325963E-02,+1.00000000E+00,-3.08823474E+00,-9.87659713E-01,-1.56615103E-01,+1.00000000E+00,-2.98433013E+00
+8.55000000E-01,+0.00000000E+00,-9.98855790E-01,-4.78237538E-02,+1.00000000E+00,-3.09375065E+00,-9.89486561E-01,-1.44624843E-01,+1.00000000E+00,-2.99645883E+00
+8.60000000E-01,+0.00000000E+00,-9.99100701E-01,-4.24003487E-02,+1.00000000E+00,-3.09917959E+00,-9.91223339E-01,-1.32197927E-01,+1.00000000E+00,-3.00900661E+00
+8.65000000E-01,+0.00000000E+00,-9.99312720E-01,-3.70687011E-02,+1.00000000E+00,-3.10451546E+00,-9.92857909E-01,-1.19302863E-01,+1.00000000E+00,-3.02200495E+00
+8.70000000E-01,+0.00000000E+00,-9.99493122E-01,-3.18355109E-02,+1.00000000E+00,-3.10975176E+00,-9.94376306E-01,-1.05904498E-01,+1.00000000E+00,-3.03548918E+00
+8.75000000E-01,+0.00000000E+00,-9.99643280E-01,-2.67078992E-02,+1.00000000E+00,-3.11488158E+00,-9.95762386E-01,-9.19634231E-02,+1.00000000E+00,-3.04949911E+00
+8.80000000E-01,+0.00000000E+00,-9.99764669E-01,-2.16934575E-02,+1.00000000E+00,-3.11989749E+00,-9.96997382E-01,-7.74352674E-02,+1.00000000E+00,-3.06407979E+00
+8.85000000E-01,+0.00000000E+00,-9.99858865E-01,-1.68003039E-02,+1.00000000E+00,-3.12479156E+00,-9.98059351E-01,-6.22698292E-02,+1.00000000E+00,-3.07928251E+00
+8.90000000E-01,+0.00000000E+00,-9.99927551E-01,-1.20371507E-02,+1.00000000E+00,-3.12955521E+00,-9.98922475E-01,-4.64100169E-02,+1.00000000E+00,-3.09516596E+00
+8.95000000E-01,+0.00000000E+00,-9.99972520E-01,-7.41338332E-03,+1.00000000E+00,-3.13417920E+00,-9.99556163E-01,-2.97905401E-02,+1.00000000E+00,-3.11179771E+00
+9.00000000E-01,+0.00000000E+00,-9.99995681E-01,-2.93915588E-03,+1.00000000E+00,-3.13865349E+00,-9.99923905E-01,-1.23362774E-02,+1.00000000E+00,-3.12925606E+00
+9.05000000E-01,+0.00000000E+00,-9.99999055E-01,+1.37449412E-03,+1.00000000E+00,+3.14021816E+00,-9.99981760E-01,+6.03977567E-03,+1.00000000E+00,+3.13555284E+00
+9.10000000E-01,+0.00000000E+00,-9.99984789E-01,+5.51550607E-03,+1.00000000E+00,+3.13607712E+00,-9.99676373E-01,+2.54391156E-02,+1.00000000E+00,+3.11615079E+00
+9.15000000E-01,+0.00000000E+00,-9.99955153E-01,+9.47062429E-03,+1.00000000E+00,+3.13212189E+00,-9.98942311E-01,+4.59810848E-02,+1.00000000E+00,+3.09559535E+00
+9.20000000E-01,+0.00000000E+00,-9.99912543E-01,+1.32251840E-02,+1.00000000E+00,+3.12836708E+00,-9.97698441E-01,+6.78072372E-02,+1.00000000E+00,+3.07373335E+00
+9.25000000E-01,+0.00000000E+00,-9.99859494E-01,+1.67628416E-02,+1.00000000E+00,+3.12482903E+00,-9.95842930E-01,+9.10870975E-02,+1.00000000E+00,+3.05037913E+00
+9.30000000E-01,+0.00000000E+00,-9.99798673E-01,+2.00652295E-02,+1.00000000E+00,+3.12152608E+00,-9.93246191E-01,+1.16025876E-01,+1.00000000E+00,+3.02530486E+00
+9.35000000E-01,+0.00000000E+00,-9.99732893E-01,+2.31115073E-02,+1.00000000E+00,+3.11847909E+00,-9.89740745E-01,+1.42874975E-01,+1.00000000E+00,+2.99822707E+00
+9.40000000E-01,+0.00000000E+00,-9.99665115E-01,+2.58777668E-02,+1.00000000E+00,+3.11571200E+00,-9.85106277E-01,+1.71946568E-01,+1.00000000E+00,+2.96878733E+00
+9.45000000E-01,+0.00000000E+00,-9.99598449E-01,+2.83362264E-02,+1.00000000E+00,+3.11325263E+00,-9.79047034E-01,+2.03634243E-01,+1.00000000E+00,+2.93652413E+00
+9.50000000E-01,+0.00000000E+00,-9.99536166E-01,+3.04541116E-02,+1.00000000E+00,+3.11113383E+00,-9.71156506E-01,+2.38442951E-01,+1.00000000E+00,+2.90083041E+00
+9.55000000E-01,+0.00000000E+00,-9.99481702E-01,+3.21920521E-02,+1.00000000E+00,+3.10939504E+00,-9.60860244E-01,+2.77033557E-01,+1.00000000E+00,+2.86088720E+00
+9.60000000E-01,+0.00000000E+00,-9.99438660E-01,+3.35017045E-02,+1.00000000E+00,+3.10808468E+00,-9.47319151E-01,+3.20291158E-01,+1.00000000E+00,+2.81555583E+00
+9.65000000E-01,+0.00000000E+00,-9.99410824E-01,+3.43220686E-02,+1.00000000E+00,+3.10726384E+00,-9.29257258E-01,+3.69433280E-01,+1.00000000E+00,+2.76319357E+00
+9.70000000E-01,+0.00000000E+00,-9.99402159E-01,+3.45734633E-02,+1.00000000E+00,+3.10701230E+00,-9.04634872E-01,+4.26187456E-01,+1.00000000E+00,+2.70131854E+00
+9.75000000E-01,+0.00000000E+00,-9.99416822E-01,+3.41469701E-02,+1.00000000E+00,+3.10743904E+00,-8.69976659E-01,+4.93092905E-01,+1.00000000E+00,+2.62595131E+00
+9.80000000E-01,+0.00000000E+00,-9.99459170E-01,+3.28841565E-02,+1.00000000E+00,+3.10870257E+00,-8.18838849E-01,+5.74023466E-01,+1.00000000E+00,+2.53018159E+00
+9.85000000E-01,+0.00000000E+00,-9.99533766E-01,+3.05327660E-02,+1.00000000E+00,+3.11105514E+00,-7.37779461E-01,+6.75041827E-01,+1.00000000E+00,+2.40057126E+00
+9.90000000E-01,+0.00000000E+00,-9.99645393E-01,+2.66287238E-02,+1.00000000E+00,+3.11496078E+00,-5.93317081E-01,+8.04968845E-01,+1.00000000E+00,+2.20596970E+00
+9.95000000E-01,+0.00000000E+00,-9.99799056E-01,+2.00461434E-02,+1.00000000E+00,+3.12154517E+00,-2.72400103E-01,+9.62184070E-01,+1.00000000E+00,+1.84668291E+00
+1.00000000E+00,+0.00000000E+00,+1.00000000E+00,+0.00000000E+00,+1.00000000E+00,+0.00000000E+00,+1.00000000E+00,+0.00000000E+00,+1.00000000E+00,+0.00000000E+00
+1.00500000E+00,+0.00000000E+00,-1.02278143E+00,+0.00000000E+00,+1.02278143E+00,+3.14159265E+00,-8.70983158E-02,+0.00000000E+00,+8.70983158E-02,+3.14159265E+00
+1.01000000E+00,+0.00000000E+00,-1.03421466E+00,+0.00000000E+00,+1.03421466E+00,+3.14159265E+00,-2.31988509E-01,+0.00000000E+00,+2.31988509E-01,+3.14159265E+00
+1.01500000E+00,+0.00000000E+00,-1.04437522E+00,+0.00000000E+00,+1.04437522E+00,+3.14159265E+00,-3.04474792E-01,+0.00000000E+00,+3.04474792E-01,+3.14159265E+00
+1.02000000E+00,+0.00000000E+00,-1.05414185E+00,+0.00000000E+00,+1.05414185E+00,+3.14159265E+00,-3.48873346E-01,+0.00000000E+00,+3.48873346E-01,+3.14159265E+00
+1.02500000E+00,+0.00000000E+00,-1.06384030E+00,+0.00000000E+00,+1.06384030E+00,+3.14159265E+00,-3.78806284E-01,+0.00000000E+00,+3.78806284E-01,+3.14159265E+00
+1.03000000E+00,+0.00000000E+00,-1.07363343E+00,+0.00000000E+00,+1.07363343E+00,+3.14159265E+00,-4.00138364E-01,+0.00000000E+00,+4.00138364E-01,+3.14159265E+00
+1.03500000E+00,+0.00000000E+00,-1.08361757E+00,+0.00000000E+00,+1.08361757E+00,+3.14159265E+00,-4.15882425E-01,+0.00000000E+00,+4.15882425E-01,+3.14159265E+00
+1.04000000E+00,+0.00000000E+00,-1.09385680E+00,+0.00000000E+00,+1.09385680E+00,+3.14159265E+00,-4.27769018E-01,+0.00000000E+00,+4.27769018E-01,+3.14159265E+00
+1.04500000E+00,+0.00000000E+00,-1.10439784E+00,+0.00000000E+00,+1.10439784E+00,+3.14159265E+00,-4.36872470E-01,+0.00000000E+00,+4.36872470E-01,+3.14159265E+00
+1.05000000E+00,+0.00000000E+00,-1.11527747E+00,+0.00000000E+00,+1.11527747E+00,+3.14159265E+00,-4.43899176E-01,+0.00000000E+00,+4.43899176E-01,+3.14159265E+00
+1.05500000E+00,+0.00000000E+00,-1.12652645E+00,+0.00000000E+00,+1.12652645E+00,+3.14159265E+00,-4.49334666E-01,+0.00000000E+00,+4.49334666E-01,+3.14159265E+00
+1.06000000E+00,+0.00000000E+00,-1.13817198E+00,+0.00000000E+00,+1.13817198E+00,+3.14159265E+00,-4.53524652E-01,+0.00000000E+00,+4.53524652E-01,+3.14159265E+00
+1.06500000E+00,+0.00000000E+00,-1.15023910E+00,+0.00000000E+00,+1.15023910E+00,+3.14159265E+00,-4.56722487E-01,+0.00000000E+00,+4.56722487E-01,+3.14159265E+00
+1.07000000E+00,+0.00000000E+00,-1.16275167E+00,+0.00000000E+00,+1.16275167E+00,+3.14159265E+00,-4.59118339E-01,+0.00000000E+00,+4.59118339E-01,+3.14159265E+00
+1.07500000E+00,+0.00000000E+00,-1.17573304E+00,+0.00000000E+00,+1.17573304E+00,+3.14159265E+00,-4.60857864E-01,+0.00000000E+00,+4.60857864E-01,+3.14159265E+00
+1.08000000E+00,+0.00000000E+00,-1.18920654E+00,+0.00000000E+00,+1.18920654E+00,+3.14159265E+00,-4.62054580E-01,+0.00000000E+00,+4.62054580E-01,+3.14159265E+00
+1.08500000E+00,+0.00000000E+00,-1.20319581E+00,+0.00000000E+00,+1.20319581E+00,+3.14159265E+00,-4.62798291E-01,+0.00000000E+00,+4.62798291E-01,+3.14159265E+00
+1.09000000E+00,+0.00000000E+00,-1.21772515E+00,+0.00000000E+00,+1.21772515E+00,+3.14159265E+00,-4.63160980E-01,+0.00000000E+00,+4.63160980E-01,+3.14159265E+00
+1.09500000E+00,+0.00000000E+00,-1.23281971E+00,+0.00000000E+00,+1.23281971E+00,+3.14159265E+00,-4.63201014E-01,+0.00000000E+00,+4.63201014E-01,+3.14159265E+00
+1.10000000E+00,+0.00000000E+00,-1.24850573E+00,+0.00000000E+00,+1.24850573E+00,+3.14159265E+00,-4.62966209E-01,+0.00000000E+00,+4.62966209E-01,+3.14159265E+00
+1.10500000E+00,+0.00000000E+00,-1.26481072E+00,+0.00000000E+00,+1.26481072E+00,+3.14159265E+00,-4.62496097E-01,+0.00000000E+00,+4.62496097E-01,+3.14159265E+00
+1.11000000E+00,+0.00000000E+00,-1.28176371E+00,+0.00000000E+00,+1.28176371E+00,+3.14159265E+00,-4.61823630E-01,+0.00000000E+00,+4.61823630E-01,+3.14159265E+00
+1.11500000E+00,+0.00000000E+00,-1.29939533E+00,+0.00000000E+00,+1.29939533E+00,+3.14159265E+00,-4.60976480E-01,+0.00000000E+00,+4.60976480E-01,+3.14159265E+00
+1.12000000E+00,+0.00000000E+00,-1.31773809E+00,+0.00000000E+00,+1.31773809E+00,+3.14159265E+00,-4.59978043E-01,+0.00000000E+00,+4.59978043E-01,+3.14159265E+00
+1.12500000E+00,+0.00000000E+00,-1.33682656E+00,+0.00000000E+00,+1.33682656E+00,+3.14159265E+00,-4.58848219E-01,+0.00000000E+00,+4.58848219E-01,+3.14159265E+00
+1.13000000E+00,+0.00000000E+00,-1.35669753E+00,+0.00000000E+00,+1.35669753E+00,+3.14159265E+00,-4.57604030E-01,+0.00000000E+00,+4.57604030E-01,+3.14159265E+00
+1.13500000E+00,+0.00000000E+00,-1.37739028E+00,+0.00000000E+00,+1.37739028E+00,+3.14159265E+00,-4.56260112E-01,+0.00000000E+00,+4.56260112E-01,+3.14159265E+00
+1.14000000E+00,+0.00000000E+00,-1.39894681E+00,+0.00000000E+00,+1.39894681E+00,+3.14159265E+00,-4.54829108E-01,+0.00000000E+00,+4.54829108E-01,+3.14159265E+00
+1.14500000E+00,+0.00000000E+00,-1.42141210E+00,+0.00000000E+00,+1.42141210E+00,+3.14159265E+00,-4.53321983E-01,+0.00000000E+00,+4.53321983E-01,+3.14159265E+00
+1.15000000E+00,+0.00000000E+00,-1.44483438E+00,+0.00000000E+00,+1.44483438E+00,+3.14159265E+00,-4.51748291E-01,+0.00000000E+00,+4.51748291E-01,+3.14159265E+00
+1.15500000E+00,+0.00000000E+00,-1.46926547E+00,+0.00000000E+00,+1.46926547E+00,+3.14159265E+00,-4.50116383E-01,+0.00000000E+00,+4.50116383E-01,+3.14159265E+00
+1.16000000E+00,+0.00000000E+00,-1.49476110E+00,+0.00000000E+00,+1.49476110E+00,+3.14159265E+00,-4.48433584E-01,+0.00000000E+00,+4.48433584E-01,+3.14159265E+00
+1.16500000E+00,+0.00000000E+00,-1.52138135E+00,+0.00000000E+00,+1.52138135E+00,+3.14159265E+00,-4.46706340E-01,+0.00000000E+00,+4.46706340E-01,+3.14159265E+00
+1.17000000E+00,+0.00000000E+00,-1.54919101E+00,+0.00000000E+00,+1.54919101E+00,+3.14159265E+00,-4.44940340E-01,+0.00000000E+00,+4.44940340E-01,+3.14159265E+00
+1.17500000E+00,+0.00000000E+00,-1.57826013E+00,+0.00000000E+00,+1.57826013E+00,+3.14159265E+00,-4.43140617E-01,+0.00000000E+00,+4.43140617E-01,+3.14159265E+00
+1.18000000E+00,+0.00000000E+00,-1.60866451E+00,+0.00000000E+00,+1.60866451E+00,+3.14159265E+00,-4.41311636E-01,+0.00000000E+00,+4.41311636E-01,+3.14159265E+00
+1.18500000E+00,+0.00000000E+00,-1.64048636E+00,+0.00000000E+00,+1.64048636E+00,+3.14159265E+00,-4.39457370E-01,+0.00000000E+00,+4.39457370E-01,+3.14159265E+00
+1.19000000E+00,+0.00000000E+00,-1.67381492E+00,+0.00000000E+00,+1.67381492E+00,+3.14159265E+00,-4.37581356E-01,+0.00000000E+00,+4.37581356E-01,+3.14159265E+00
+1.19500000E+00,+0.00000000E+00,-1.70874732E+00,+0.00000000E+00,+1.70874732E+00,+3.14159265E+00,-4.35686754E-01,+0.00000000E+00,+4.35686754E-01,+3.14159265E+00
+1.20000000E+00,+0.00000000E+00,-1.74538938E+00,+0.00000000E+00,+1.74538938E+00,+3.14159265E+00,-4.33776390E-01,+0.00000000E+00,+4.33776390E-01,+3.14159265E+00
+1.20500000E+00,+0.00000000E+00,-1.78385666E+00,+0.00000000E+00,+1.78385666E+00,+3.14159265E+00,-4.31852797E-01,+0.00000000E+00,+4.31852797E-01,+3.14159265E+00
+1.21000000E+00,+0.00000000E+00,-1.82427559E+00,+0.00000000E+00,+1.82427559E+00,+3.14159265E+00,-4.29918249E-01,+0.00000000E+00,+4.29918249E-01,+3.14159265E+00
+1.21500000E+00,+0.00000000E+00,-1.86678476E+00,+0.00000000E+00,+1.86678476E+00,+3.14159265E+00,-4.27974787E-01,+0.00000000E+00,+4.27974787E-01,+3.14159265E+00
+1.22000000E+00,+0.00000000E+00,-1.91153644E+00,+0.00000000E+00,+1.91153644E+00,+3.14159265E+00,-4.26024252E-01,+0.00000000E+00,+4.26024252E-01,+3.14159265E+00
+1.22500000E+00,+0.00000000E+00,-1.95869828E+00,+0.00000000E+00,+1.95869828E+00,+3.14159265E+00,-4.24068299E-01,+0.00000000E+00,+4.24068299E-01,+3.14159265E+00
+1.23000000E+00,+0.00000000E+00,-2.00845533E+00,+0.00000000E+00,+2.00845533E+00,+3.14159265E+00,-4.22108424E-01,+0.00000000E+00,+4.22108424E-01,+3.14159265E+00
+1.23500000E+00,+0.00000000E+00,-2.06101232E+00,+0.00000000E+00,+2.06101232E+00,+3.14159265E+00,-4.20145975E-01,+0.00000000E+00,+4.20145975E-01,+3.14159265E+00
+1.24000000E+00,+0.00000000E+00,-2.11659637E+00,+0.00000000E+00,+2.11659637E+00,+3.14159265E+00,-4.18182174E-01,+0.00000000E+00,+4.18182174E-01,+3.14159265E+00
+1.24500000E+00,+0.00000000E+00,-2.17546009E+00,+0.00000000E+00,+2.17546009E+00,+3.14159265E+00,-4.16218122E-01,+0.00000000E+00,+4.16218122E-01,+3.14159265E+00
+1.25000000E+00,+0.00000000E+00,-2.23788533E+00,+0.00000000E+00,+2.23788533E+00,+3.14159265E+00,-4.14254818E-01,+0.00000000E+00,+4.14254818E-01,+3.14159265E+00
+1.25500000E+00,+0.00000000E+00,-2.30418743E+00,+0.00000000E+00,+2.30418743E+00,+3.14159265E+00,-4.12293166E-01,+0.00000000E+00,+4.12293166E-01,+3.14159265E+00
+1.26000000E+00,+0.00000000E+00,-2.37472043E+00,+0.00000000E+00,+2.37472043E+00,+3.14159265E+00,-4.10333985E-01,+0.00000000E+00,+4.10333985E-01,+3.14159265E+00
+1.26500000E+00,+0.00000000E+00,-2.44988312E+00,+0.00000000E+00,+2.44988312E+00,+3.14159265E+00,-4.08378017E-01,+0.00000000E+00,+4.08378017E-01,+3.14159265E+00
+1.27000000E+00,+0.00000000E+00,-2.53012639E+00,+0.00000000E+00,+2.53012639E+00,+3.14159265E+00,-4.06425935E-01,+0.00000000E+00,+4.06425935E-01,+3.14159265E+00
+1.27500000E+00,+0.00000000E+00,-2.61596198E+00,+0.00000000E+00,+2.61596198E+00,+3.14159265E+00,-4.04478347E-01,+0.00000000E+00,+4.04478347E-01,+3.14159265E+00
+1.28000000E+00,+0.00000000E+00,-2.70797311E+00,+0.00000000E+00,+2.70797311E+00,+3.14159265E+00,-4.02535808E-01,+0.00000000E+00,+4.02535808E-01,+3.14159265E+00
+1.28500000E+00,+0.00000000E+00,-2.80682739E+00,+0.00000000E+00,+2.80682739E+00,+3.14159265E+00,-4.00598818E-01,+0.00000000E+00,+4.00598818E-01,+3.14159265E+00
+1.29000000E+00,+0.00000000E+00,-2.91329267E+00,+0.00000000E+00,+2.91329267E+00,+3.14159265E+00,-3.98667829E-01,+0.00000000E+00,+3.98667829E-01,+3.14159265E+00
+1.29500000E+00,+0.00000000E+00,-3.02825655E+00,+0.00000000E+00,+3.02825655E+00,+3.14159265E+00,-3.96743255E-01,+0.00000000E+00,+3.96743255E-01,+3.14159265E+00
+1.30000000E+00,+0.00000000E+00,-3.15275071E+00,+0.00000000E+00,+3.15275071E+00,+3.14159265E+00,-3.94825465E-01,+0.00000000E+00,+3.94825465E-01,+3.14159265E+00
+1.30500000E+00,+0.00000000E+00,-3.28798130E+00,+0.00000000E+00,+3.28798130E+00,+3.14159265E+00,-3.92914797E-01,+0.00000000E+00,+3.92914797E-01,+3.14159265E+00
+1.31000000E+00,+0.00000000E+00,-3.43536750E+00,+0.00000000E+00,+3.43536750E+00,+3.14159265E+00,-3.91011554E-01,+0.00000000E+00,+3.91011554E-01,+3.14159265E+00
+1.31500000E+00,+0.00000000E+00,-3.59659069E+00,+0.00000000E+00,+3.59659069E+00,+3.14159265E+00,-3.89116010E-01,+0.00000000E+00,+3.89116010E-01,+3.14159265E+00
+1.32000000E+00,+0.00000000E+00,-3.77365790E+00,+0.00000000E+00,+3.77365790E+00,+3.14159265E+00,-3.87228413E-01,+0.00000000E+00,+3.87228413E-01,+3.14159265E+00
+1.32500000E+00,+0.00000000E+00,-3.96898470E+00,+0.00000000E+00,+3.96898470E+00,+3.14159265E+00,-3.85348984E-01,+0.00000000E+00,+3.85348984E-01,+3.14159265E+00
+1.33000000E+00,+0.00000000E+00,-4.18550466E+00,+0.00000000E+00,+4.18550466E+00,+3.14159265E+00,-3.83477923E-01,+0.00000000E+00,+3.83477923E-01,+3.14159265E+00
+1.33500000E+00,+0.00000000E+00,-4.42681605E+00,+0.00000000E+00,+4.42681605E+00,+3.14159265E+00,-3.81615408E-01,+0.00000000E+00,+3.81615408E-01,+3.14159265E+00
+1.34000000E+00,+0.00000000E+00,-4.69738145E+00,+0.00000000E+00,+4.69738145E+00,+3.14159265E+00,-3.79761599E-01,+0.00000000E+00,+3.79761599E-01,+3.14159265E+00
+1.34500000E+00,+0.00000000E+00,-5.00280377E+00,+0.00000000E+00,+5.00280377E+00,+3.14159265E+00,-3.77916638E-01,+0.00000000E+00,+3.77916638E-01,+3.14159265E+00
+1.35000000E+00,+0.00000000E+00,-5.35021530E+00,+0.00000000E+00,+5.35021530E+00,+3.14159265E+00,-3.76080650E-01,+0.00000000E+00,+3.76080650E-01,+3.14159265E+00
+1.35500000E+00,+0.00000000E+00,-5.74883779E+00,+0.00000000E+00,+5.74883779E+00,+3.14159265E+00,-3.74253746E-01,+0.00000000E+00,+3.74253746E-01,+3.14159265E+00
+1.36000000E+00,+0.00000000E+00,-6.21080801E+00,+0.00000000E+00,+6.21080801E+00,+3.14159265E+00,-3.72436025E-01,+0.00000000E+00,+3.72436025E-01,+3.14159265E+00
+1.36500000E+00,+0.00000000E+00,-6.75242840E+00,+0.00000000E+00,+6.75242840E+00,+3.14159265E+00,-3.70627570E-01,+0.00000000E+00,+3.70627570E-01,+3.14159265E+00
+1.37000000E+00,+0.00000000E+00,-7.39612191E+00,+0.00000000E+00,+7.39612191E+00,+3.14159265E+00,-3.68828456E-01,+0.00000000E+00,+3.68828456E-01,+3.14159265E+00
+1.37500000E+00,+0.00000000E+00,-8.17360187E+00,+0.00000000E+00,+8.17360187E+00,+3.14159265E+00,-3.67038745E-01,+0.00000000E+00,+3.67038745E-01,+3.14159265E+00
+1.38000000E+00,+0.00000000E+00,-9.13123943E+00,+0.00000000E+00,+9.13123943E+00,+3.14159265E+00,-3.65258490E-01,+0.00000000E+00,+3.65258490E-01,+3.14159265E+00
+1.38500000E+00,+0.00000000E+00,-1.03396384E+01,+0.00000000E+00,+1.03396384E+01,+3.14159265E+00,-3.63487735E-01,+0.00000000E+00,+3.63487735E-01,+3.14159265E+00
+1.39000000E+00,+0.00000000E+00,-1.19118433E+01,+0.00000000E+00,+1.19118433E+01,+3.14159265E+00,-3.61726517E-01,+0.00000000E+00,+3.61726517E-01,+3.14159265E+00
+1.39500000E+00,+0.00000000E+00,-1.40408685E+01,+0.00000000E+00,+1.40408685E+01,+3.14159265E+00,-3.59974863E-01,+0.00000000E+00,+3.59974863E-01,+3.14159265E+00
+1.40000000E+00,+0.00000000E+00,-1.70856069E+01,+0.00000000E+00,+1.70856069E+01,+3.14159265E+00,-3.58232796E-01,+0.00000000E+00,+3.58232796E-01,+3.14159265E+00
+1.40500000E+00,+0.00000000E+00,-2.17977897E+01,+0.00000000E+00,+2.17977897E+01,+3.14159265E+00,-3.56500329E-01,+0.00000000E+00,+3.56500329E-01,+3.14159265E+00
+1.41000000E+00,+0.00000000E+00,-3.00619725E+01,+0.00000000E+00,+3.00619725E+01,+3.14159265E+00,-3.54777471E-01,+0.00000000E+00,+3.54777471E-01,+3.14159265E+00
+1.41500000E+00,+0.00000000E+00,-4.83192887E+01,+0.00000000E+00,+4.83192887E+01,+3.14159265E+00,-3.53064227E-01,+0.00000000E+00,+3.53064227E-01,+3.14159265E+00
+1.42000000E+00,+0.00000000E+00,-1.22384466E+02,+0.00000000E+00,+1.22384466E+02,+3.14159265E+00,-3.51360594E-01,+0.00000000E+00,+3.51360594E-01,+3.14159265E+00
+1.42500000E+00,+0.00000000E+00,+2.32130575E+02,+0.00000000E+00,+2.32130575E+02,+0.00000000E+00,-3.49666567E-01,+0.00000000E+00,+3.49666567E-01,+3.14159265E+00
+1.43000000E+00,+0.00000000E+00,+5.97389351E+01,+0.00000000E+00,+5.97389351E+01,+0.00000000E+00,-3.47982134E-01,+0.00000000E+00,+3.47982134E-01,+3.14159265E+00
+1.43500000E+00,+0.00000000E+00,+3.43379276E+01,+0.00000000E+00,+3.43379276E+01,+0.00000000E+00,-3.46307281E-01,+0.00000000E+00,+3.46307281E-01,+3.14159265E+00
+1.44000000E+00,+0.00000000E+00,+2.41225669E+01,+0.00000000E+00,+2.41225669E+01,+0.00000000E+00,-3.44641991E-01,+0.00000000E+00,+3.44641991E-01,+3.14159265E+00
+1.44500000E+00,+0.00000000E+00,+1.86094750E+01,+0.00000000E+00,+1.86094750E+01,+0.00000000E+00,-3.42986240E-01,+0.00000000E+00,+3.42986240E-01,+3.14159265E+00
+1.45000000E+00,+0.00000000E+00,+1.51597077E+01,+0.00000000E+00,+1.51597077E+01,+0.00000000E+00,-3.41340006E-01,+0.00000000E+00,+3.41340006E-01,+3.14159265E+00
+1.45500000E+00,+0.00000000E+00,+1.27977902E+01,+0.00000000E+00,+1.27977902E+01,+0.00000000E+00,-3.39703261E-01,+0.00000000E+00,+3.39703261E-01,+3.14159265E+00
+1.46000000E+00,+0.00000000E+00,+1.10794335E+01,+0.00000000E+00,+1.10794335E+01,+0.00000000E+00,-3.38075975E-01,+0.00000000E+00,+3.38075975E-01,+3.14159265E+00
+1.46500000E+00,+0.00000000E+00,+9.77329309E+00,+0.00000000E+00,+9.77329309E+00,+0.00000000E+00,-3.36458115E-01,+0.00000000E+00,+3.36458115E-01,+3.14159265E+00
+1.47000000E+00,+0.00000000E+00,+8.74704145E+00,+0.00000000E+00,+8.74704145E+00,+0.00000000E+00,-3.34849647E-01,+0.00000000E+00,+3.34849647E-01,+3.14159265E+00
+1.47500000E+00,+0.00000000E+00,+7.91951382E+00,+0.00000000E+00,+7.91951382E+00,+0.00000000E+00,-3.33250535E-01,+0.00000000E+00,+3.33250535E-01,+3.14159265E+00
+1.48000000E+00,+0.00000000E+00,+7.23816078E+00,+0.00000000E+00,+7.23816078E+00,+0.00000000E+00,-3.31660740E-01,+0.00000000E+00,+3.31660740E-01,+3.14159265E+00
+1.48500000E+00,+0.00000000E+00,+6.66745899E+00,+0.00000000E+00,+6.66745899E+00,+0.00000000E+00,-3.30080222E-01,+0.00000000E+00,+3.30080222E-01,+3.14159265E+00
+1.49000000E+00,+0.00000000E+00,+6.18253236E+00,+0.00000000E+00,+6.18253236E+00,+0.00000000E+00,-3.28508940E-01,+0.00000000E+00,+3.28508940E-01,+3.14159265E+00
+1.49500000E+00,+0.00000000E+00,+5.76544101E+00,+0.00000000E+00,+5.76544101E+00,+0.00000000E+00,-3.26946852E-01,+0.00000000E+00,+3.26946852E-01,+3.14159265E+00
+1.50000000E+00,+0.00000000E+00,+5.40292132E+00,+0.00000000E+00,+5.40292132E+00,+0.00000000E+00,-3.25393912E-01,+0.00000000E+00,+3.25393912E-01,+3.14159265E+00
+1.50500000E+00,+0.00000000E+00,+5.08495548E+00,+0.00000000E+00,+5.08495548E+00,+0.00000000E+00,-3.23850076E-01,+0.00000000E+00,+3.23850076E-01,+3.14159265E+00
+1.51000000E+00,+0.00000000E+00,+4.80383587E+00,+0.00000000E+00,+4.80383587E+00,+0.00000000E+00,-3.22315297E-01,+0.00000000E+00,+3.22315297E-01,+3.14159265E+00
+1.51500000E+00,+0.00000000E+00,+4.55353543E+00,+0.00000000E+00,+4.55353543E+00,+0.00000000E+00,-3.20789529E-01,+0.00000000E+00,+3.20789529E-01,+3.14159265E+00
+1.52000000E+00,+0.00000000E+00,+4.32927329E+00,+0.00000000E+00,+4.32927329E+00,+0.00000000E+00,-3.19272723E-01,+0.00000000E+00,+3.19272723E-01,+3.14159265E+00
+1.52500000E+00,+0.00000000E+00,+4.12720855E+00,+0.00000000E+00,+4.12720855E+00,+0.00000000E+00,-3.17764830E-01,+0.00000000E+00,+3.17764830E-01,+3.14159265E+00
+1.53000000E+00,+0.00000000E+00,+3.94422007E+00,+0.00000000E+00,+3.94422007E+00,+0.00000000E+00,-3.16265801E-01,+0.00000000E+00,+3.16265801E-01,+3.14159265E+00
+1.53500000E+00,+0.00000000E+00,+3.77774544E+00,+0.00000000E+00,+3.77774544E+00,+0.00000000E+00,-3.14775586E-01,+0.00000000E+00,+3.14775586E-01,+3.14159265E+00
+1.54000000E+00,+0.00000000E+00,+3.62566129E+00,+0.00000000E+00,+3.62566129E+00,+0.00000000E+00,-3.13294134E-01,+0.00000000E+00,+3.13294134E-01,+3.14159265E+00
+1.54500000E+00,+0.00000000E+00,+3.48619315E+00,+0.00000000E+00,+3.48619315E+00,+0.00000000E+00,-3.11821394E-01,+0.00000000E+00,+3.11821394E-01,+3.14159265E+00
+1.55000000E+00,+0.00000000E+00,+3.35784661E+00,+0.00000000E+00,+3.35784661E+00,+0.00000000E+00,-3.10357315E-01,+0.00000000E+00,+3.10357315E-01,+3.14159265E+00
+1.55500000E+00,+0.00000000E+00,+3.23935415E+00,+0.00000000E+00,+3.23935415E+00,+0.00000000E+00,-3.08901845E-01,+0.00000000E+00,+3.08901845E-01,+3.14159265E+00
+1.56000000E+00,+0.00000000E+00,+3.12963368E+00,+0.00000000E+00,+3.12963368E+00,+0.00000000E+00,-3.07454932E-01,+0.00000000E+00,+3.07454932E-01,+3.14159265E+00
+1.56500000E+00,+0.00000000E+00,+3.02775583E+00,+0.00000000E+00,+3.02775583E+00,+0.00000000E+00,-3.06016523E-01,+0.00000000E+00,+3.06016523E-01,+3.14159265E+00
+1.57000000E+00,+0.00000000E+00,+2.93291791E+00,+0.00000000E+00,+2.93291791E+00,+0.00000000E+00,-3.04586567E-01,+0.00000000E+00,+3.04586567E-01,+3.14159265E+00
+1.57500000E+00,+0.00000000E+00,+2.84442305E+00,+0.00000000E+00,+2.84442305E+00,+0.00000000E+00,-3.03165010E-01,+0.00000000E+00,+3.03165010E-01,+3.14159265E+00
+1.58000000E+00,+0.00000000E+00,+2.76166331E+00,+0.00000000E+00,+2.76166331E+00,+0.00000000E+00,-3.01751800E-01,+0.00000000E+00,+3.01751800E-01,+3.14159265E+00
+1.58500000E+00,+0.00000000E+00,+2.68410596E+00,+0.00000000E+00,+2.68410596E+00,+0.00000000E+00,-3.00346884E-01,+0.00000000E+00,+3.00346884E-01,+3.14159265E+00
+1.59000000E+00,+0.00000000E+00,+2.61128217E+00,+0.00000000E+00,+2.61128217E+00,+0.00000000E+00,-2.98950209E-01,+0.00000000E+00,+2.98950209E-01,+3.14159265E+00
+1.59500000E+00,+0.00000000E+00,+2.54277772E+00,+0.00000000E+00,+2.54277772E+00,+0.00000000E+00,-2.97561722E-01,+0.00000000E+00,+2.97561722E-01,+3.14159265E+00
+1.60000000E+00,+0.00000000E+00,+2.47822529E+00,+0.00000000E+00,+2.47822529E+00,+0.00000000E+00,-2.96181370E-01,+0.00000000E+00,+2.96181370E-01,+3.14159265E+00
+1.60500000E+00,+0.00000000E+00,+2.41729796E+00,+0.00000000E+00,+2.41729796E+00,+0.00000000E+00,-2.94809101E-01,+0.00000000E+00,+2.94809101E-01,+3.14159265E+00
+1.61000000E+00,+0.00000000E+00,+2.35970388E+00,+0.00000000E+00,+2.35970388E+00,+0.00000000E+00,-2.93444861E-01,+0.00000000E+00,+2.93444861E-01,+3.14159265E+00
+1.61500000E+00,+0.00000000E+00,+2.30518161E+00,+0.00000000E+00,+2.30518161E+00,+0.00000000E+00,-2.92088598E-01,+0.00000000E+00,+2.92088598E-01,+3.14159265E+00
+1.62000000E+00,+0.00000000E+00,+2.25349632E+00,+0.00000000E+00,+2.25349632E+00,+0.00000000E+00,-2.90740260E-01,+0.00000000E+00,+2.90740260E-01,+3.14159265E+00
+1.62500000E+00,+0.00000000E+00,+2.20443646E+00,+0.00000000E+00,+2.20443646E+00,+0.00000000E+00,-2.89399794E-01,+0.00000000E+00,+2.89399794E-01,+3.14159265E+00
+1.63000000E+00,+0.00000000E+00,+2.15781096E+00,+0.00000000E+00,+2.15781096E+00,+0.00000000E+00,-2.88067148E-01,+0.00000000E+00,+2.88067148E-01,+3.14159265E+00
+1.63500000E+00,+0.00000000E+00,+2.11344680E+00,+0.00000000E+00,+2.11344680E+00,+0.00000000E+00,-2.86742269E-01,+0.00000000E+00,+2.86742269E-01,+3.14159265E+00
+1.64000000E+00,+0.00000000E+00,+2.07118694E+00,+0.00000000E+00,+2.07118694E+00,+0.00000000E+00,-2.85425106E-01,+0.00000000E+00,+2.85425106E-01,+3.14159265E+00
+1.64500000E+00,+0.00000000E+00,+2.03088849E+00,+0.00000000E+00,+2.03088849E+00,+0.00000000E+00,-2.84115607E-01,+0.00000000E+00,+2.84115607E-01,+3.14159265E+00
+1.65000000E+00,+0.00000000E+00,+1.99242120E+00,+0.00000000E+00,+1.99242120E+00,+0.00000000E+00,-2.82813720E-01,+0.00000000E+00,+2.82813720E-01,+3.14159265E+00
+1.65500000E+00,+0.00000000E+00,+1.95566605E+00,+0.00000000E+00,+1.95566605E+00,+0.00000000E+00,-2.81519395E-01,+0.00000000E+00,+2.81519395E-01,+3.14159265E+00
+1.66000000E+00,+0.00000000E+00,+1.92051407E+00,+0.00000000E+00,+1.92051407E+00,+0.00000000E+00,-2.80232580E-01,+0.00000000E+00,+2.80232580E-01,+3.14159265E+00
+1.66500000E+00,+0.00000000E+00,+1.88686535E+00,+0.00000000E+00,+1.88686535E+00,+0.00000000E+00,-2.78953225E-01,+0.00000000E+00,+2.78953225E-01,+3.14159265E+00
+1.67000000E+00,+0.00000000E+00,+1.85462803E+00,+0.00000000E+00,+1.85462803E+00,+0.00000000E+00,-2.77681278E-01,+0.00000000E+00,+2.77681278E-01,+3.14159265E+00
+1.67500000E+00,+0.00000000E+00,+1.82371761E+00,+0.00000000E+00,+1.82371761E+00,+0.00000000E+00,-2.76416690E-01,+0.00000000E+00,+2.76416690E-01,+3.14159265E+00
+1.68000000E+00,+0.00000000E+00,+1.79405612E+00,+0.00000000E+00,+1.79405612E+00,+0.00000000E+00,-2.75159410E-01,+0.00000000E+00,+2.75159410E-01,+3.14159265E+00
+1.68500000E+00,+0.00000000E+00,+1.76557161E+00,+0.00000000E+00,+1.76557161E+00,+0.00000000E+00,-2.73909390E-01,+0.00000000E+00,+2.73909390E-01,+3.14159265E+00
+1.69000000E+00,+0.00000000E+00,+1.73819748E+00,+0.00000000E+00,+1.73819748E+00,+0.00000000E+00,-2.72666578E-01,+0.00000000E+00,+2.72666578E-01,+3.14159265E+00
+1.69500000E+00,+0.00000000E+00,+1.71187207E+00,+0.00000000E+00,+1.71187207E+00,+0.00000000E+00,-2.71430927E-01,+0.00000000E+00,+2.71430927E-01,+3.14159265E+00
+1.70000000E+00,+0.00000000E+00,+1.68653816E+00,+0.00000000E+00,+1.68653816E+00,+0.00000000E+00,-2.70202388E-01,+0.00000000E+00,+2.70202388E-01,+3.14159265E+00
+1.70500000E+00,+0.00000000E+00,+1.66214262E+00,+0.00000000E+00,+1.66214262E+00,+0.00000000E+00,-2.68980911E-01,+0.00000000E+00,+2.68980911E-01,+3.14159265E+00
+1.71000000E+00,+0.00000000E+00,+1.63863599E+00,+0.00000000E+00,+1.63863599E+00,+0.00000000E+00,-2.67766449E-01,+0.00000000E+00,+2.67766449E-01,+3.14159265E+00
+1.71500000E+00,+0.00000000E+00,+1.61597224E+00,+0.00000000E+00,+1.61597224E+00,+0.00000000E+00,-2.66558954E-01,+0.00000000E+00,+2.66558954E-01,+3.14159265E+00
+1.72000000E+00,+0.00000000E+00,+1.59410844E+00,+0.00000000E+00,+1.59410844E+00,+0.00000000E+00,-2.65358378E-01,+0.00000000E+00,+2.65358378E-01,+3.14159265E+00
+1.72500000E+00,+0.00000000E+00,+1.57300449E+00,+0.00000000E+00,+1.57300449E+00,+0.00000000E+00,-2.64164673E-01,+0.00000000E+00,+2.64164673E-01,+3.14159265E+00
+1.73000000E+00,+0.00000000E+00,+1.55262294E+00,+0.00000000E+00,+1.55262294E+00,+0.00000000E+00,-2.62977793E-01,+0.00000000E+00,+2.62977793E-01,+3.14159265E+00
+1.73500000E+00,+0.00000000E+00,+1.53292871E+00,+0.00000000E+00,+1.53292871E+00,+0.00000000E+00,-2.61797692E-01,+0.00000000E+00,+2.61797692E-01,+3.14159265E+00
+1.74000000E+00,+0.00000000E+00,+1.51388896E+00,+0.00000000E+00,+1.51388896E+00,+0.00000000E+00,-2.60624322E-01,+0.00000000E+00,+2.60624322E-01,+3.14159265E+00
+1.74500000E+00,+0.00000000E+00,+1.49547290E+00,+0.00000000E+00,+1.49547290E+00,+0.00000000E+00,-2.59457637E-01,+0.00000000E+00,+2.59457637E-01,+3.14159265E+00
+1.75000000E+00,+0.00000000E+00,+1.47765161E+00,+0.00000000E+00,+1.47765161E+00,+0.00000000E+00,-2.58297593E-01,+0.00000000E+00,+2.58297593E-01,+3.14159265E+00
+1.75500000E+00,+0.00000000E+00,+1.46039792E+00,+0.00000000E+00,+1.46039792E+00,+0.00000000E+00,-2.57144144E-01,+0.00000000E+00,+2.57144144E-01,+3.14159265E+00
+1.76000000E+00,+0.00000000E+00,+1.44368630E+00,+0.00000000E+00,+1.44368630E+00,+0.00000000E+00,-2.55997244E-01,+0.00000000E+00,+2.55997244E-01,+3.14159265E+00
+1.76500000E+00,+0.00000000E+00,+1.42749268E+00,+0.00000000E+00,+1.42749268E+00,+0.00000000E+00,-2.54856849E-01,+0.00000000E+00,+2.54856849E-01,+3.14159265E+00
+1.77000000E+00,+0.00000000E+00,+1.41179440E+00,+0.00000000E+00,+1.41179440E+00,+0.00000000E+00,-2.53722914E-01,+0.00000000E+00,+2.53722914E-01,+3.14159265E+00
+1.77500000E+00,+0.00000000E+00,+1.39657011E+00,+0.00000000E+00,+1.39657011E+00,+0.00000000E+00,-2.52595396E-01,+0.00000000E+00,+2.52595396E-01,+3.14159265E+00
+1.78000000E+00,+0.00000000E+00,+1.38179961E+00,+0.00000000E+00,+1.38179961E+00,+0.00000000E+00,-2.51474251E-01,+0.00000000E+00,+2.51474251E-01,+3.14159265E+00
+1.78500000E+00,+0.00000000E+00,+1.36746388E+00,+0.00000000E+00,+1.36746388E+00,+0.00000000E+00,-2.50359435E-01,+0.00000000E+00,+2.50359435E-01,+3.14159265E+00
+1.79000000E+00,+0.00000000E+00,+1.35354489E+00,+0.00000000E+00,+1.35354489E+00,+0.00000000E+00,-2.49250905E-01,+0.00000000E+00,+2.49250905E-01,+3.14159265E+00
+1.79500000E+00,+0.00000000E+00,+1.34002560E+00,+0.00000000E+00,+1.34002560E+00,+0.00000000E+00,-2.48148618E-01,+0.00000000E+00,+2.48148618E-01,+3.14159265E+00
+1.80000000E+00,+0.00000000E+00,+1.32688989E+00,+0.00000000E+00,+1.32688989E+00,+0.00000000E+00,-2.47052533E-01,+0.00000000E+00,+2.47052533E-01,+3.14159265E+00
+1.80500000E+00,+0.00000000E+00,+1.31412247E+00,+0.00000000E+00,+1.31412247E+00,+0.00000000E+00,-2.45962606E-01,+0.00000000E+00,+2.45962606E-01,+3.14159265E+00
+1.81000000E+00,+0.00000000E+00,+1.30170884E+00,+0.00000000E+00,+1.30170884E+00,+0.00000000E+00,-2.44878797E-01,+0.00000000E+00,+2.44878797E-01,+3.14159265E+00
+1.81500000E+00,+0.00000000E+00,+1.28963526E+00,+0.00000000E+00,+1.28963526E+00,+0.00000000E+00,-2.43801063E-01,+0.00000000E+00,+2.43801063E-01,+3.14159265E+00
+1.82000000E+00,+0.00000000E+00,+1.27788868E+00,+0.00000000E+00,+1.27788868E+00,+0.00000000E+00,-2.42729363E-01,+0.00000000E+00,+2.42729363E-01,+3.14159265E+00
+1.82500000E+00,+0.00000000E+00,+1.26645668E+00,+0.00000000E+00,+1.26645668E+00,+0.00000000E+00,-2.41663657E-01,+0.00000000E+00,+2.41663657E-01,+3.14159265E+00
+1.83000000E+00,+0.00000000E+00,+1.25532749E+00,+0.00000000E+00,+1.25532749E+00,+0.00000000E+00,-2.40603905E-01,+0.00000000E+00,+2.40603905E-01,+3.14159265E+00
+1.83500000E+00,+0.00000000E+00,+1.24448987E+00,+0.00000000E+00,+1.24448987E+00,+0.00000000E+00,-2.39550065E-01,+0.00000000E+00,+2.39550065E-01,+3.14159265E+00
+1.84000000E+00,+0.00000000E+00,+1.23393317E+00,+0.00000000E+00,+1.23393317E+00,+0.00000000E+00,-2.38502098E-01,+0.00000000E+00,+2.38502098E-01,+3.14159265E+00
+1.84500000E+00,+0.00000000E+00,+1.22364720E+00,+0.00000000E+00,+1.22364720E+00,+0.00000000E+00,-2.37459965E-01,+0.00000000E+00,+2.37459965E-01,+3.14159265E+00
+1.85000000E+00,+0.00000000E+00,+1.21362228E+00,+0.00000000E+00,+1.21362228E+00,+0.00000000E+00,-2.36423626E-01,+0.00000000E+00,+2.36423626E-01,+3.14159265E+00
+1.85500000E+00,+0.00000000E+00,+1.20384917E+00,+0.00000000E+00,+1.20384917E+00,+0.00000000E+00,-2.35393042E-01,+0.00000000E+00,+2.35393042E-01,+3.14159265E+00
+1.86000000E+00,+0.00000000E+00,+1.19431905E+00,+0.00000000E+00,+1.19431905E+00,+0.00000000E+00,-2.34368175E-01,+0.00000000E+00,+2.34368175E-01,+3.14159265E+00
+1.86500000E+00,+0.00000000E+00,+1.18502351E+00,+0.00000000E+00,+1.18502351E+00,+0.00000000E+00,-2.33348986E-01,+0.00000000E+00,+2.33348986E-01,+3.14159265E+00
+1.87000000E+00,+0.00000000E+00,+1.17595452E+00,+0.00000000E+00,+1.17595452E+00,+0.00000000E+00,-2.32335437E-01,+0.00000000E+00,+2.32335437E-01,+3.14159265E+00
+1.87500000E+00,+0.00000000E+00,+1.16710440E+00,+0.00000000E+00,+1.16710440E+00,+0.00000000E+00,-2.31327491E-01,+0.00000000E+00,+2.31327491E-01,+3.14159265E+00
+1.88000000E+00,+0.00000000E+00,+1.15846581E+00,+0.00000000E+00,+1.15846581E+00,+0.00000000E+00,-2.30325110E-01,+0.00000000E+00,+2.30325110E-01,+3.14159265E+00
+1.88500000E+00,+0.00000000E+00,+1.15003172E+00,+0.00000000E+00,+1.15003172E+00,+0.00000000E+00,-2.29328256E-01,+0.00000000E+00,+2.29328256E-01,+3.14159265E+00
+1.89000000E+00,+0.00000000E+00,+1.14179542E+00,+0.00000000E+00,+1.14179542E+00,+0.00000000E+00,-2.28336894E-01,+0.00000000E+00,+2.28336894E-01,+3.14159265E+00
+1.89500000E+00,+0.00000000E+00,+1.13375047E+00,+0.00000000E+00,+1.13375047E+00,+0.00000000E+00,-2.27350986E-01,+0.00000000E+00,+2.27350986E-01,+3.14159265E+00
+1.90000000E+00,+0.00000000E+00,+1.12589072E+00,+0.00000000E+00,+1.12589072E+00,+0.00000000E+00,-2.26370497E-01,+0.00000000E+00,+2.26370497E-01,+3.14159265E+00
+1.90500000E+00,+0.00000000E+00,+1.11821026E+00,+0.00000000E+00,+1.11821026E+00,+0.00000000E+00,-2.25395390E-01,+0.00000000E+00,+2.25395390E-01,+3.14159265E+00
+1.91000000E+00,+0.00000000E+00,+1.11070343E+00,+0.00000000E+00,+1.11070343E+00,+0.00000000E+00,-2.24425629E-01,+0.00000000E+00,+2.24425629E-01,+3.14159265E+00
+1.91500000E+00,+0.00000000E+00,+1.10336480E+00,+0.00000000E+00,+1.10336480E+00,+0.00000000E+00,-2.23461179E-01,+0.00000000E+00,+2.23461179E-01,+3.14159265E+00
+1.92000000E+00,+0.00000000E+00,+1.09618917E+00,+0.00000000E+00,+1.09618917E+00,+0.00000000E+00,-2.22502006E-01,+0.00000000E+00,+2.22502006E-01,+3.14159265E+00
+1.92500000E+00,+0.00000000E+00,+1.08917152E+00,+0.00000000E+00,+1.08917152E+00,+0.00000000E+00,-2.21548073E-01,+0.00000000E+00,+2.21548073E-01,+3.14159265E+00
+1.93000000E+00,+0.00000000E+00,+1.08230708E+00,+0.00000000E+00,+1.08230708E+00,+0.00000000E+00,-2.20599348E-01,+0.00000000E+00,+2.20599348E-01,+3.14159265E+00
+1.93500000E+00,+0.00000000E+00,+1.07559121E+00,+0.00000000E+00,+1.07559121E+00,+0.00000000E+00,-2.19655794E-01,+0.00000000E+00,+2.19655794E-01,+3.14159265E+00
+1.94000000E+00,+0.00000000E+00,+1.06901949E+00,+0.00000000E+00,+1.06901949E+00,+0.00000000E+00,-2.18717379E-01,+0.00000000E+00,+2.18717379E-01,+3.14159265E+00
+1.94500000E+00,+0.00000000E+00,+1.06258765E+00,+0.00000000E+00,+1.06258765E+00,+0.00000000E+00,-2.17784068E-01,+0.00000000E+00,+2.17784068E-01,+3.14159265E+00
+1.95000000E+00,+0.00000000E+00,+1.05629160E+00,+0.00000000E+00,+1.05629160E+00,+0.00000000E+00,-2.16855828E-01,+0.00000000E+00,+2.16855828E-01,+3.14159265E+00
+1.95500000E+00,+0.00000000E+00,+1.05012739E+00,+0.00000000E+00,+1.05012739E+00,+0.00000000E+00,-2.15932626E-01,+0.00000000E+00,+2.15932626E-01,+3.14159265E+00
+1.96000000E+00,+0.00000000E+00,+1.04409124E+00,+0.00000000E+00,+1.04409124E+00,+0.00000000E+00,-2.15014429E-01,+0.00000000E+00,+2.15014429E-01,+3.14159265E+00
+1.96500000E+00,+0.00000000E+00,+1.03817947E+00,+0.00000000E+00,+1.03817947E+00,+0.00000000E+00,-2.14101204E-01,+0.00000000E+00,+2.14101204E-01,+3.14159265E+00
+1.97000000E+00,+0.00000000E+00,+1.03238858E+00,+0.00000000E+00,+1.03238858E+00,+0.00000000E+00,-2.13192918E-01,+0.00000000E+00,+2.13192918E-01,+3.14159265E+00
+1.97500000E+00,+0.00000000E+00,+1.02671518E+00,+0.00000000E+00,+1.02671518E+00,+0.00000000E+00,-2.12289540E-01,+0.00000000E+00,+2.12289540E-01,+3.14159265E+00
+1.98000000E+00,+0.00000000E+00,+1.02115598E+00,+0.00000000E+00,+1.02115598E+00,+0.00000000E+00,-2.11391038E-01,+0.00000000E+00,+2.11391038E-01,+3.14159265E+00
+1.98500000E+00,+0.00000000E+00,+1.01570786E+00,+0.00000000E+00,+1.01570786E+00,+0.00000000E+00,-2.10497379E-01,+0.00000000E+00,+2.10497379E-01,+3.14159265E+00
+1.99000000E+00,+0.00000000E+00,+1.01036775E+00,+0.00000000E+00,+1.01036775E+00,+0.00000000E+00,-2.09608533E-01,+0.00000000E+00,+2.09608533E-01,+3.14159265E+00
