s,n,Re(f_ibc0.11),Im(f_ibc0.11),Abs(f_ibc0.11),Arg(f_ibc0.11),Re(f_ibc0.21),Im(f_ibc0.21),Abs(f_ibc0.21),Arg(f_ibc0.21),Re(f_ibc0.12),Im(f_ibc0.12),Abs(f_ibc0.12),Arg(f_ibc0.12),Re(f_ibc0.22),Im(f_ibc0.22),Abs(f_ibc0.22),Arg(f_ibc0.22)
+0.00000000E+00,+0.00000000E+00,-2.78302810E-01,+4.48163314E-01,+5.27544131E-01,+2.12650342E+00,-0.00000000E+00,-0.00000000E+00,+0.00000000E+00,-3.14159265E+00,-0.00000000E+00,-0.00000000E+00,+0.00000000E+00,-3.14159265E+00,-7.21089992E-01,-4.48463171E-01,+8.49170179E-01,-2.58520835E+00
+0.00000000E+00,+1.00000000E+00,-7.14539067E-01,-4.51633689E-01,+8.45304127E-01,-2.57793046E+00,-0.00000000E+00,-0.00000000E+00,+0.00000000E+00,-3.14159265E+00,-0.00000000E+00,-0.00000000E+00,+0.00000000E+00,-3.14159265E+00,-2.85960814E-01,+4.51870808E-01,+5.34753040E-01,+2.13501179E+00
+0.00000000E+00,+2.00000000E+00,-3.07255719E-01,+4.61356307E-01,+5.54306521E-01,+2.15832587E+00,-0.00000000E+00,-0.00000000E+00,+0.00000000E+00,-3.14159265E+00,-0.00000000E+00,-0.00000000E+00,+0.00000000E+00,-3.14159265E+00,-6.92576995E-01,-4.61426160E-01,+8.32212110E-01,-2.55388183E+00
+0.00000000E+00,+3.00000000E+00,-6.55462314E-01,-4.75217286E-01,+8.09606271E-01,-2.51427735E+00,-0.00000000E+00,-0.00000000E+00,+0.00000000E+00,-3.14159265E+00,-0.00000000E+00,-0.00000000E+00,+0.00000000E+00,-3.14159265E+00,-3.44120214E-01,+4.75080511E-01,+5.86617604E-01,+2.19767232E+00
+0.00000000E+00,+4.00000000E+00,-3.98345281E-01,+4.89557268E-01,+6.31146006E-01,+2.25382610E+00,-0.00000000E+00,-0.00000000E+00,+0.00000000E+00,-3.14159265E+00,-0.00000000E+00,-0.00000000E+00,+0.00000000E+00,-3.14159265E+00,-6.02936452E-01,-4.89289369E-01,+7.76489827E-01,-2.45987231E+00
+0.00000000E+00,+5.00000000E+00,-5.30691439E-01,-4.99057147E-01,+7.28485716E-01,-2.38690524E+00,-0.00000000E+00,-0.00000000E+00,+0.00000000E+00,-3.14159265E+00,-0.00000000E+00,-0.00000000E+00,+0.00000000E+00,-3.14159265E+00,-4.66883124E-01,+4.98902067E-01,+6.83288463E-01,+2.32305335E+00
+0.00000000E+00,+6.00000000E+00,-5.56785907E-01,+4.96764895E-01,+7.46180881E-01,+2.41310319E+00,-0.00000000E+00,-0.00000000E+00,+0.00000000E+00,-3.14159265E+00,-0.00000000E+00,-0.00000000E+00,+0.00000000E+00,-3.14159265E+00,-4.46994963E-01,-4.97182528E-01,+6.68576819E-01,-2.30308967E+00
+0.00000000E+00,+7.00000000E+00,-3.42230027E-01,-4.74456147E-01,+5.85004296E-01,-2.19568168E+00,-0.00000000E+00,-0.00000000E+00,+0.00000000E+00,-3.14159265E+00,-0.00000000E+00,-0.00000000E+00,+0.00000000E+00,-3.14159265E+00,-6.52606314E-01,+4.76142114E-01,+8.07840525E-01,+2.51127534E+00
+0.00000000E+00,+8.00000000E+00,-7.65702165E-01,+4.23559157E-01,+8.75044093E-01,+2.63632323E+00,-0.00000000E+00,-0.00000000E+00,+0.00000000E+00,-3.14159265E+00,-0.00000000E+00,-0.00000000E+00,+0.00000000E+00,-3.14159265E+00,-2.40524523E-01,-4.27402008E-01,+4.90432995E-01,-2.08338286E+00
+0.00000000E+00,+9.00000000E+00,-1.30502977E-01,-3.36855978E-01,+3.61251958E-01,-1.94040650E+00,-0.00000000E+00,-0.00000000E+00,+0.00000000E+00,-3.14159265E+00,-0.00000000E+00,-0.00000000E+00,+0.00000000E+00,-3.14159265E+00,-8.63056430E-01,+3.43787767E-01,+9.29008305E-01,+2.76252026E+00
+0.00000000E+00,+1.00000000E+01,-9.53278269E-01,+2.11042203E-01,+9.76359702E-01,+2.92372098E+00,-0.00000000E+00,-0.00000000E+00,+0.00000000E+00,-3.14159265E+00,-0.00000000E+00,-0.00000000E+00,+0.00000000E+00,-3.14159265E+00,-5.18593911E-02,-2.21743083E-01,+2.27726571E-01,-1.80053859E+00
+0.00000000E+00,+1.10000000E+01,-2.49926432E-03,-4.99301311E-02,+4.99926426E-02,-1.62080982E+00,-0.00000000E+00,-0.00000000E+00,+0.00000000E+00,-3.14159265E+00,-0.00000000E+00,-0.00000000E+00,+0.00000000E+00,-3.14159265E+00,-9.95837863E-01,+6.43802300E-02,+9.97916761E-01,+3.07703319E+00
+0.00000000E+00,+1.20000000E+01,-9.82148718E-01,-1.32410776E-01,+9.91034166E-01,-3.00758322E+00,-0.00000000E+00,-0.00000000E+00,+0.00000000E+00,-3.14159265E+00,-0.00000000E+00,-0.00000000E+00,+0.00000000E+00,-3.14159265E+00,-1.35148529E-02,+1.15465153E-01,+1.16253399E-01,+1.68731319E+00
+0.00000000E+00,+1.30000000E+01,-1.07621927E-01,+3.09902319E-01,+3.28057810E-01,+1.90504319E+00,-0.00000000E+00,-0.00000000E+00,+0.00000000E+00,-3.14159265E+00,-0.00000000E+00,-0.00000000E+00,+0.00000000E+00,-3.14159265E+00,-9.04876981E-01,-2.93384781E-01,+9.51250220E-01,-2.82806083E+00
+0.00000000E+00,+1.40000000E+01,-7.26126327E-01,-4.45944934E-01,+8.52130463E-01,-2.59083921E+00,-0.00000000E+00,-0.00000000E+00,+0.00000000E+00,-3.14159265E+00,-0.00000000E+00,-0.00000000E+00,+0.00000000E+00,-3.14159265E+00,-2.52547022E-01,+4.34473271E-01,+5.02540567E-01,+2.09733119E+00
+0.00000000E+00,+1.50000000E+01,-4.98190632E-01,+4.99996726E-01,+7.05826205E-01,+2.35438512E+00,-0.00000000E+00,-0.00000000E+00,+0.00000000E+00,-3.14159265E+00,-0.00000000E+00,-0.00000000E+00,+0.00000000E+00,-3.14159265E+00,-5.29800578E-01,-4.99111135E-01,+7.27874013E-01,-2.38601274E+00
+0.00000000E+00,+1.60000000E+01,-2.62555006E-01,-4.40022584E-01,+5.12401215E-01,-2.10877498E+00,-0.00000000E+00,-0.00000000E+00,+0.00000000E+00,-3.14159265E+00,-0.00000000E+00,-0.00000000E+00,+0.00000000E+00,-3.14159265E+00,-7.08732891E-01,+4.54346322E-01,+8.41862751E-01,+2.57152182E+00
+0.00000000E+00,+1.70000000E+01,-9.27674477E-01,+2.59026142E-01,+9.63158594E-01,+2.86930652E+00,-0.00000000E+00,-0.00000000E+00,+0.00000000E+00,-3.14159265E+00,-0.00000000E+00,-0.00000000E+00,+0.00000000E+00,-3.14159265E+00,-9.23423797E-02,-2.89508661E-01,+3.03878890E-01,-1.87955778E+00
+0.00000000E+00,+1.80000000E+01,-9.89121280E-05,+9.94496578E-03,+9.94545766E-03,+1.58074195E+00,-0.00000000E+00,-0.00000000E+00,+0.00000000E+00,-3.14159265E+00,-0.00000000E+00,-0.00000000E+00,+0.00000000E+00,-3.14159265E+00,-9.99025621E-01,+3.11998299E-02,+9.99512692E-01,+3.11037254E+00
+0.00000000E+00,+1.90000000E+01,-9.07636478E-01,-2.89538429E-01,+9.52699574E-01,-2.83279469E+00,-0.00000000E+00,-0.00000000E+00,+0.00000000E+00,-3.14159265E+00,-0.00000000E+00,-0.00000000E+00,+0.00000000E+00,-3.14159265E+00,-6.74014019E-02,+2.50715881E-01,+2.59617800E-01,+1.83342274E+00
+0.00000000E+00,+2.00000000E+01,-3.41729872E-01,+4.74289539E-01,+5.84576661E-01,+2.19515451E+00,-0.00000000E+00,-0.00000000E+00,+0.00000000E+00,-3.14159265E+00,-0.00000000E+00,-0.00000000E+00,+0.00000000E+00,-3.14159265E+00,-7.06198248E-01,-4.55502231E-01,+8.40356025E-01,-2.56873605E+00
+0.00000000E+00,+2.10000000E+01,-3.32011064E-01,-4.70934940E-01,+5.76204013E-01,-2.18487286E+00,-0.00000000E+00,-0.00000000E+00,+0.00000000E+00,-3.14159265E+00,-0.00000000E+00,-0.00000000E+00,+0.00000000E+00,-3.14159265E+00,-6.13167086E-01,+4.87024856E-01,+7.83049862E-01,+2.47035076E+00
+0.00000000E+00,+2.20000000E+01,-9.31497782E-01,+2.52605749E-01,+9.65141327E-01,+2.87677914E+00,-0.00000000E+00,-0.00000000E+00,+0.00000000E+00,-3.14159265E+00,-0.00000000E+00,-0.00000000E+00,+0.00000000E+00,-3.14159265E+00,-1.03772764E-01,-3.04965535E-01,+3.22137803E-01,-1.89878313E+00
+0.00000000E+00,+2.30000000E+01,-1.02584025E-02,+1.00762928E-01,+1.01283772E-01,+1.67225407E+00,-0.00000000E+00,-0.00000000E+00,+0.00000000E+00,-3.14159265E+00,-0.00000000E+00,-0.00000000E+00,+0.00000000E+00,-3.14159265E+00,-9.98981386E-01,-3.18994670E-02,+9.99490563E-01,-3.10967151E+00
+0.00000000E+00,+2.40000000E+01,-7.82772486E-01,-4.12358729E-01,+8.84744306E-01,-2.65674144E+00,-0.00000000E+00,-0.00000000E+00,+0.00000000E+00,-3.14159265E+00,-0.00000000E+00,-0.00000000E+00,+0.00000000E+00,-3.14159265E+00,-1.57855283E-01,+3.64605256E-01,+3.97310060E-01,+1.97938008E+00
+0.00000000E+00,+2.50000000E+01,-5.99423101E-01,+4.90015354E-01,+7.74224193E-01,+2.45628473E+00,-0.00000000E+00,-0.00000000E+00,+0.00000000E+00,-3.14159265E+00,-0.00000000E+00,-0.00000000E+00,+0.00000000E+00,-3.14159265E+00,-4.83291940E-01,-4.99720763E-01,+6.95192017E-01,-2.33948332E+00
+0.00000000E+00,+2.60000000E+01,-6.97625124E-02,-2.54746353E-01,+2.64125940E-01,-1.83809389E+00,-0.00000000E+00,-0.00000000E+00,+0.00000000E+00,-3.14159265E+00,-0.00000000E+00,-0.00000000E+00,+0.00000000E+00,-3.14159265E+00,-8.77098299E-01,+3.28324341E-01,+9.36535263E-01,+2.78340938E+00
+0.00000000E+00,+2.70000000E+01,-9.71966689E-01,-1.65067999E-01,+9.85883710E-01,-2.97336883E+00,-0.00000000E+00,-0.00000000E+00,+0.00000000E+00,-3.14159265E+00,-0.00000000E+00,-0.00000000E+00,+0.00000000E+00,-3.14159265E+00,-4.81152942E-03,+6.91981113E-02,+6.93651888E-02,+1.64021726E+00
+0.00000000E+00,+2.80000000E+01,-3.38929445E-01,+4.73345832E-01,+5.82176472E-01,+2.19219934E+00,-0.00000000E+00,-0.00000000E+00,+0.00000000E+00,-3.14159265E+00,-0.00000000E+00,-0.00000000E+00,+0.00000000E+00,-3.14159265E+00,-7.58047296E-01,-4.28265797E-01,+8.70659116E-01,-2.62733704E+00
+0.00000000E+00,+2.90000000E+01,-2.11930834E-01,-4.08676101E-01,+4.60359462E-01,-2.04919640E+00,-0.00000000E+00,-0.00000000E+00,+0.00000000E+00,-3.14159265E+00,-0.00000000E+00,-0.00000000E+00,+0.00000000E+00,-3.14159265E+00,-6.86444769E-01,+4.63937871E-01,+8.28519625E-01,+2.54725510E+00
+0.00000000E+00,+3.00000000E+01,-9.99888205E-01,-1.05727469E-02,+9.99944101E-01,-3.13101912E+00,-0.00000000E+00,-0.00000000E+00,+0.00000000E+00,-3.14159265E+00,-0.00000000E+00,-0.00000000E+00,+0.00000000E+00,-3.14159265E+00,-1.30801720E-02,-1.13618137E-01,+1.14368580E-01,-1.68541571E+00
+0.00000000E+00,+3.10000000E+01,-2.44913024E-01,+4.30035620E-01,+4.94886880E-01,+2.08850097E+00,-0.00000000E+00,-0.00000000E+00,+0.00000000E+00,-3.14159265E+00,-0.00000000E+00,-0.00000000E+00,+0.00000000E+00,-3.14159265E+00,-8.60504572E-01,-3.46462774E-01,+9.27633857E-01,-2.75882328E+00
+0.00000000E+00,+3.20000000E+01,-2.53485648E-01,-4.35006522E-01,+5.03473582E-01,-2.09841072E+00,-0.00000000E+00,-0.00000000E+00,+0.00000000E+00,-3.14159265E+00,-0.00000000E+00,-0.00000000E+00,+0.00000000E+00,-3.14159265E+00,-6.11646574E-01,+4.87375669E-01,+7.82078368E-01,+2.46879030E+00
+0.00000000E+00,+3.30000000E+01,-9.99730730E-01,-1.64072242E-02,+9.99865356E-01,-3.12518248E+00,-0.00000000E+00,-0.00000000E+00,+0.00000000E+00,-3.14159265E+00,-0.00000000E+00,-0.00000000E+00,+0.00000000E+00,-3.14159265E+00,-1.93526320E-02,-1.37761053E-01,+1.39113738E-01,-1.71036272E+00
+0.00000000E+00,+3.40000000E+01,-2.99593808E-01,+4.58080078E-01,+5.47351631E-01,+2.14999279E+00,-0.00000000E+00,-0.00000000E+00,+0.00000000E+00,-3.14159265E+00,-0.00000000E+00,-0.00000000E+00,+0.00000000E+00,-3.14159265E+00,-8.39742820E-01,-3.66844403E-01,+9.16374825E-01,-2.72972516E+00
+0.00000000E+00,+3.50000000E+01,-1.58759946E-01,-3.65452084E-01,+3.98446917E-01,-1.98061925E+00,-0.00000000E+00,-0.00000000E+00,+0.00000000E+00,-3.14159265E+00,-0.00000000E+00,-0.00000000E+00,+0.00000000E+00,-3.14159265E+00,-6.91295511E-01,+4.61958902E-01,+8.31441827E-01,+2.55249402E+00
+0.00000000E+00,+3.60000000E+01,-9.63889883E-01,-1.86564135E-01,+9.81778938E-01,-2.95040339E+00,-0.00000000E+00,-0.00000000E+00,+0.00000000E+00,-3.14159265E+00,-0.00000000E+00,-0.00000000E+00,+0.00000000E+00,-3.14159265E+00,-4.36889945E-07,-6.60976364E-04,+6.60976509E-04,-1.57145730E+00
+0.00000000E+00,+3.70000000E+01,-5.26288013E-01,+4.99308462E-01,+7.25457106E-01,+2.38249463E+00,-0.00000000E+00,-0.00000000E+00,+0.00000000E+00,-3.14159265E+00,-0.00000000E+00,-0.00000000E+00,+0.00000000E+00,-3.14159265E+00,-6.75003363E-01,-4.68373593E-01,+8.21585883E-01,-2.53498363E+00
+0.00000000E+00,+3.80000000E+01,-1.40499732E-02,-1.17696947E-01,+1.18532583E-01,-1.68960824E+00,-0.00000000E+00,-0.00000000E+00,+0.00000000E+00,-3.14159265E+00,-0.00000000E+00,-0.00000000E+00,+0.00000000E+00,-3.14159265E+00,-8.90137674E-01,+3.12718077E-01,+9.43471077E-01,+2.80374746E+00
+0.00000000E+00,+3.90000000E+01,-7.34294404E-01,-4.41708198E-01,+8.56909799E-01,-2.60004083E+00,-0.00000000E+00,-0.00000000E+00,+0.00000000E+00,-3.14159265E+00,-0.00000000E+00,-0.00000000E+00,+0.00000000E+00,-3.14159265E+00,-9.18008680E-02,+2.88744643E-01,+3.02986581E-01,+1.87862132E+00
+0.00000000E+00,+4.00000000E+01,-8.83398415E-01,+3.20944942E-01,+9.39892768E-01,+2.79311246E+00,-0.00000000E+00,-0.00000000E+00,+0.00000000E+00,-3.14159265E+00,-0.00000000E+00,-0.00000000E+00,+0.00000000E+00,-3.14159265E+00,-3.16678913E-01,-4.65181017E-01,+5.62742314E-01,-2.16849585E+00
+0.00000000E+00,+4.10000000E+01,-1.19539396E-01,+3.24422146E-01,+3.45744698E-01,+1.92382864E+00,-0.00000000E+00,-0.00000000E+00,+0.00000000E+00,-3.14159265E+00,-0.00000000E+00,-0.00000000E+00,+0.00000000E+00,-3.14159265E+00,-9.92369054E-01,-8.70213445E-02,+9.96177220E-01,-3.05412589E+00
+0.00000000E+00,+4.20000000E+01,-2.25762389E-01,-4.18083404E-01,+4.75144598E-01,-2.06592468E+00,-0.00000000E+00,-0.00000000E+00,+0.00000000E+00,-3.14159265E+00,-0.00000000E+00,-0.00000000E+00,+0.00000000E+00,-3.14159265E+00,-5.07443078E-01,+4.99944598E-01,+7.12350390E-01,+2.36363784E+00
+0.00000000E+00,+4.30000000E+01,-9.39252704E-01,-2.38866202E-01,+9.69150506E-01,-2.89255680E+00,-0.00000000E+00,-0.00000000E+00,+0.00000000E+00,-3.14159265E+00,-0.00000000E+00,-0.00000000E+00,+0.00000000E+00,-3.14159265E+00,-2.70512855E-03,-5.19404547E-02,+5.20108503E-02,-1.62283066E+00
+0.00000000E+00,+4.40000000E+01,-7.21767799E-01,+4.48128378E-01,+8.49569184E-01,+2.58596434E+00,-0.00000000E+00,-0.00000000E+00,+0.00000000E+00,-3.14159265E+00,-0.00000000E+00,-0.00000000E+00,+0.00000000E+00,-3.14159265E+00,-5.90108216E-01,-4.91813490E-01,+7.68185014E-01,-2.44679773E+00
+0.00000000E+00,+4.50000000E+01,-5.32909182E-02,+2.24612992E-01,+2.30848258E-01,+1.80374573E+00,-0.00000000E+00,-0.00000000E+00,+0.00000000E+00,-3.14159265E+00,-0.00000000E+00,-0.00000000E+00,+0.00000000E+00,-3.14159265E+00,-9.88408752E-01,+1.07036867E-01,+9.94187483E-01,+3.03372091E+00
+0.00000000E+00,+4.60000000E+01,-2.52345513E-01,-4.34358441E-01,+5.02340037E-01,-2.09709926E+00,-0.00000000E+00,-0.00000000E+00,+0.00000000E+00,-3.14159265E+00,-0.00000000E+00,-0.00000000E+00,+0.00000000E+00,-3.14159265E+00,-3.97319507E-01,+4.89343148E-01,+6.30332854E-01,+2.25277822E+00
+0.00000000E+00,+4.70000000E+01,-9.07648619E-01,-2.89521335E-01,+9.52705946E-01,-2.83281566E+00,-0.00000000E+00,-0.00000000E+00,+0.00000000E+00,-3.14159265E+00,-0.00000000E+00,-0.00000000E+00,+0.00000000E+00,-3.14159265E+00,-5.88321134E-03,-7.64761346E-02,+7.67020947E-02,-1.64757383E+00
+0.00000000E+00,+4.80000000E+01,-8.46355178E-01,+3.60607946E-01,+9.19975640E-01,+2.73881466E+00,-0.00000000E+00,-0.00000000E+00,+0.00000000E+00,-3.14159265E+00,-0.00000000E+00,-0.00000000E+00,+0.00000000E+00,-3.14159265E+00,-5.27442044E-01,-4.99246366E-01,+7.26252052E-01,-2.38365033E+00
+0.00000000E+00,+4.90000000E+01,-2.14317649E-01,+4.10348138E-01,+4.62944542E-01,+2.05211061E+00,-0.00000000E+00,-0.00000000E+00,+0.00000000E+00,-3.14159265E+00,-0.00000000E+00,-0.00000000E+00,+0.00000000E+00,-3.14159265E+00,-9.97967917E-01,-4.50328089E-02,+9.98983442E-01,-3.09649874E+00
+0.00000000E+00,+5.00000000E+01,-3.19725076E-02,-1.75926878E-01,+1.78808578E-01,-1.75057171E+00,-0.00000000E+00,-0.00000000E+00,+0.00000000E+00,-3.14159265E+00,-0.00000000E+00,-0.00000000E+00,+0.00000000E+00,-3.14159265E+00,-6.39588844E-01,+4.80119729E-01,+7.99742986E-01,+2.49766331E+00
+0.00000000E+00,+5.10000000E+01,-5.28987066E-01,-4.99159043E-01,+7.27314970E-01,-2.38519782E+00,-0.00000000E+00,-0.00000000E+00,+0.00000000E+00,-3.14159265E+00,-0.00000000E+00,-0.00000000E+00,+0.00000000E+00,-3.14159265E+00,-6.72504747E-02,+2.50455282E-01,+2.59326965E-01,+1.83312159E+00
+0.00000000E+00,+5.20000000E+01,-9.77909515E-01,-1.46977875E-01,+9.88893076E-01,-2.99241125E+00,-0.00000000E+00,-0.00000000E+00,+0.00000000E+00,-3.14159265E+00,-0.00000000E+00,-0.00000000E+00,+0.00000000E+00,-3.14159265E+00,-1.35528844E-01,-3.42287564E-01,+3.68142424E-01,-1.94780667E+00
+0.00000000E+00,+5.30000000E+01,-8.26557190E-01,+3.78629637E-01,+9.09151907E-01,+2.71203943E+00,-0.00000000E+00,-0.00000000E+00,+0.00000000E+00,-3.14159265E+00,-0.00000000E+00,-0.00000000E+00,+0.00000000E+00,-3.14159265E+00,-6.99248059E-01,-4.58585010E-01,+8.36210535E-01,-2.56113277E+00
+0.00000000E+00,+5.40000000E+01,-3.11564802E-01,+4.63133001E-01,+5.58179901E-01,+2.16298687E+00,-0.00000000E+00,-0.00000000E+00,+0.00000000E+00,-3.14159265E+00,-0.00000000E+00,-0.00000000E+00,+0.00000000E+00,-3.14159265E+00,-9.99964456E-01,+5.96180901E-03,+9.99982228E-01,+3.13563070E+00
+0.00000000E+00,+5.50000000E+01,-5.49317022E-03,+7.39120782E-02,+7.41159242E-02,+1.64498027E+00,-0.00000000E+00,-0.00000000E+00,+0.00000000E+00,-3.14159265E+00,-0.00000000E+00,-0.00000000E+00,+0.00000000E+00,-3.14159265E+00,-7.13801535E-01,+4.51983300E-01,+8.44867762E-01,+2.57711426E+00
+0.00000000E+00,+5.60000000E+01,-1.59786984E-01,-3.66408383E-01,+3.99733641E-01,-1.98202257E+00,-0.00000000E+00,-0.00000000E+00,+0.00000000E+00,-3.14159265E+00,-0.00000000E+00,-0.00000000E+00,+0.00000000E+00,-3.14159265E+00,-2.10650403E-01,+4.07770537E-01,+4.58966669E-01,+2.04762811E+00
+0.00000000E+00,+5.70000000E+01,-5.76576168E-01,-4.94101296E-01,+7.59326127E-01,-2.43307322E+00,-0.00000000E+00,-0.00000000E+00,+0.00000000E+00,-3.14159265E+00,-0.00000000E+00,-0.00000000E+00,+0.00000000E+00,-3.14159265E+00,-4.99689124E-04,-2.23481417E-02,+2.23537273E-02,-1.59315192E+00
+0.00000000E+00,+5.80000000E+01,-9.16123330E-01,-2.77202768E-01,+9.57143317E-01,-2.84776840E+00,-0.00000000E+00,-0.00000000E+00,+0.00000000E+00,-3.14159265E+00,-0.00000000E+00,-0.00000000E+00,+0.00000000E+00,-3.14159265E+00,-2.21331679E-01,-4.15143309E-01,+4.70459009E-01,-2.06060720E+00
+0.00000000E+00,+5.90000000E+01,-9.93244266E-01,+8.19151644E-02,+9.96616409E-01,+3.05930655E+00,-0.00000000E+00,-0.00000000E+00,+0.00000000E+00,-3.14159265E+00,-0.00000000E+00,-0.00000000E+00,+0.00000000E+00,-3.14159265E+00,-6.36752745E-01,-4.80935221E-01,+7.97967885E-01,-2.49471229E+00
+0.00000000E+00,+6.00000000E+01,-8.35666789E-01,+3.70577666E-01,+9.14148122E-01,+2.72419781E+00,-0.00000000E+00,-0.00000000E+00,+0.00000000E+00,-3.14159265E+00,-0.00000000E+00,-0.00000000E+00,+0.00000000E+00,-3.14159265E+00,-9.39774675E-01,-2.37903835E-01,+9.69419762E-01,-2.89365161E+00
+0.00000000E+00,+6.10000000E+01,-5.76061938E-01,+4.94180718E-01,+7.58987443E-01,+2.43255289E+00,-0.00000000E+00,-0.00000000E+00,+0.00000000E+00,-3.14159265E+00,-0.00000000E+00,-0.00000000E+00,+0.00000000E+00,-3.14159265E+00,-9.87099309E-01,+1.12846193E-01,+9.93528716E-01,+3.02776580E+00
+0.00000000E+00,+6.20000000E+01,-3.33604784E-01,+4.71500405E-01,+5.77585304E-01,+2.18656392E+00,-0.00000000E+00,-0.00000000E+00,+0.00000000E+00,-3.14159265E+00,-0.00000000E+00,-0.00000000E+00,+0.00000000E+00,-3.14159265E+00,-8.21434406E-01,+3.82988149E-01,+9.06330186E-01,+2.70531334E+00
+0.00000000E+00,+6.30000000E+01,-1.63876659E-01,+3.70163612E-01,+4.04816821E-01,+1.98757482E+00,-0.00000000E+00,-0.00000000E+00,+0.00000000E+00,-3.14159265E+00,-0.00000000E+00,-0.00000000E+00,+0.00000000E+00,-3.14159265E+00,-5.67915202E-01,+4.95366052E-01,+7.53601487E-01,+2.42432028E+00
+0.00000000E+00,+6.40000000E+01,-6.83038415E-02,+2.52266579E-01,+2.61350036E-01,+1.83521691E+00,-0.00000000E+00,-0.00000000E+00,+0.00000000E+00,-3.14159265E+00,-0.00000000E+00,-0.00000000E+00,+0.00000000E+00,-3.14159265E+00,-3.33678953E-01,+4.71526573E-01,+5.77649507E-01,+2.18664257E+00
+0.00000000E+00,+6.50000000E+01,-2.40373694E-02,+1.53165186E-01,+1.55039896E-01,+1.72646416E+00,-0.00000000E+00,-0.00000000E+00,+0.00000000E+00,-3.14159265E+00,-0.00000000E+00,-0.00000000E+00,+0.00000000E+00,-3.14159265E+00,-1.68169307E-01,+3.74016565E-01,+4.10084512E-01,+1.99334305E+00
+0.00000000E+00,+6.60000000E+01,-7.10196789E-03,+8.39733883E-02,+8.42731742E-02,+1.65516957E+00,-0.00000000E+00,-0.00000000E+00,+0.00000000E+00,-3.14159265E+00,-0.00000000E+00,-0.00000000E+00,+0.00000000E+00,-3.14159265E+00,-7.27809727E-02,+2.59776640E-01,+2.69779489E-01,+1.84396035E+00
+0.00000000E+00,+6.70000000E+01,-1.75793492E-03,+4.18908652E-02,+4.19277345E-02,+1.61273636E+00,-0.00000000E+00,-0.00000000E+00,+0.00000000E+00,-3.14159265E+00,-0.00000000E+00,-0.00000000E+00,+0.00000000E+00,-3.14159265E+00,-2.69557076E-02,+1.61953998E-01,+1.64181934E-01,+1.73572496E+00
+0.00000000E+00,+6.80000000E+01,-3.65977168E-04,+1.91270288E-02,+1.91305297E-02,+1.58992802E+00,-0.00000000E+00,-0.00000000E+00,+0.00000000E+00,-3.14159265E+00,-0.00000000E+00,-0.00000000E+00,+0.00000000E+00,-3.14159265E+00,-8.50779772E-03,+9.18445159E-02,+9.22377240E-02,+1.66316534E+00
+0.00000000E+00,+6.90000000E+01,-6.46801781E-05,+8.04213868E-03,+8.04239878E-03,+1.57883881E+00,-0.00000000E+00,-0.00000000E+00,+0.00000000E+00,-3.14159265E+00,-0.00000000E+00,-0.00000000E+00,+0.00000000E+00,-3.14159265E+00,-2.28539897E-03,+4.77511876E-02,+4.78058466E-02,+1.61862040E+00
+0.00000000E+00,+7.00000000E+01,-9.82114181E-06,+3.13385471E-03,+3.13387010E-03,+1.57393020E+00,-0.00000000E+00,-0.00000000E+00,+0.00000000E+00,-3.14159265E+00,-0.00000000E+00,-0.00000000E+00,+0.00000000E+00,-3.14159265E+00,-5.24558515E-04,+2.28972346E-02,+2.29032425E-02,+1.59370157E+00
+0.00000000E+00,+7.10000000E+01,-1.29665721E-06,+1.13870783E-03,+1.13870857E-03,+1.57193504E+00,-0.00000000E+00,-0.00000000E+00,+0.00000000E+00,-3.14159265E+00,-0.00000000E+00,-0.00000000E+00,+0.00000000E+00,-3.14159265E+00,-1.03801189E-04,+1.01877581E-02,+1.01882869E-02,+1.58098479E+00
+0.00000000E+00,+7.20000000E+01,-1.50416090E-07,+3.87835104E-04,+3.87835133E-04,+1.57118416E+00,-0.00000000E+00,-0.00000000E+00,+0.00000000E+00,-3.14159265E+00,-0.00000000E+00,-0.00000000E+00,+0.00000000E+00,-3.14159265E+00,-1.79207426E-05,+4.23325187E-03,+4.23328981E-03,+1.57502963E+00
+0.00000000E+00,+7.30000000E+01,-1.54622698E-08,+1.24347375E-04,+1.24347376E-04,+1.57092067E+00,-0.00000000E+00,-0.00000000E+00,+0.00000000E+00,-3.14159265E+00,-0.00000000E+00,-0.00000000E+00,+0.00000000E+00,-3.14159265E+00,-2.73332189E-06,+1.65327385E-03,+1.65327611E-03,+1.57244960E+00
+0.00000000E+00,+7.40000000E+01,-1.41816047E-09,+3.76584714E-05,+3.76584714E-05,+1.57083399E+00,-0.00000000E+00,-0.00000000E+00,+0.00000000E+00,-3.14159265E+00,-0.00000000E+00,-0.00000000E+00,+0.00000000E+00,-3.14159265E+00,-3.72633823E-07,+6.10437289E-04,+6.10437403E-04,+1.57140676E+00
+0.00000000E+00,+7.50000000E+01,-1.16688442E-10,+1.08022424E-05,+1.08022424E-05,+1.57080713E+00,-0.00000000E+00,-0.00000000E+00,+0.00000000E+00,-3.14159265E+00,-0.00000000E+00,-0.00000000E+00,+0.00000000E+00,-3.14159265E+00,-4.58838831E-08,+2.14205231E-04,+2.14205236E-04,+1.57101053E+00
+0.00000000E+00,+7.60000000E+01,-8.65180335E-12,+2.94139480E-06,+2.94139480E-06,+1.57079927E+00,-0.00000000E+00,-0.00000000E+00,+0.00000000E+00,-3.14159265E+00,-0.00000000E+00,-0.00000000E+00,+0.00000000E+00,-3.14159265E+00,-5.15107487E-09,+7.17709889E-05,+7.17709891E-05,+1.57086810E+00
+0.00000000E+00,+7.70000000E+01,-5.80138611E-13,+7.61668308E-07,+7.61668308E-07,+1.57079709E+00,-0.00000000E+00,-0.00000000E+00,+0.00000000E+00,-3.14159265E+00,-0.00000000E+00,-0.00000000E+00,+0.00000000E+00,-3.14159265E+00,-5.31887749E-10,+2.30626917E-05,+2.30626917E-05,+1.57081939E+00
+0.00000000E+00,+7.80000000E+01,-3.52839062E-14,+1.87840108E-07,+1.87840108E-07,+1.57079651E+00,-0.00000000E+00,-0.00000000E+00,+0.00000000E+00,-3.14159265E+00,-0.00000000E+00,-0.00000000E+00,+0.00000000E+00,-3.14159265E+00,-5.09630912E-11,+7.13884383E-06,+7.13884383E-06,+1.57080347E+00
+0.00000000E+00,+7.90000000E+01,-1.95096888E-15,+4.41697738E-08,+4.41697738E-08,+1.57079637E+00,-0.00000000E+00,-0.00000000E+00,+0.00000000E+00,-3.14159265E+00,-0.00000000E+00,-0.00000000E+00,+0.00000000E+00,-3.14159265E+00,-4.57447707E-12,+2.13880272E-06,+2.13880272E-06,+1.57079847E+00
+0.00000000E+00,+8.00000000E+01,-9.82445308E-17,+9.91183847E-09,+9.91183847E-09,+1.57079634E+00,-0.00000000E+00,-0.00000000E+00,+0.00000000E+00,-3.14159265E+00,-0.00000000E+00,-0.00000000E+00,+0.00000000E+00,-3.14159265E+00,-3.88986908E-13,+6.23688151E-07,+6.23688151E-07,+1.57079695E+00
+0.00000000E+00,+8.10000000E+01,-4.51070691E-18,+2.12384307E-09,+2.12384307E-09,+1.57079633E+00,-0.00000000E+00,-0.00000000E+00,+0.00000000E+00,-3.14159265E+00,-0.00000000E+00,-0.00000000E+00,+0.00000000E+00,-3.14159265E+00,-3.17897912E-14,+1.78296919E-07,+1.78296919E-07,+1.57079651E+00
+0.00000000E+00,+8.20000000E+01,-1.88912797E-19,+4.34641689E-10,+4.34641689E-10,+1.57079633E+00,-0.00000000E+00,-0.00000000E+00,+0.00000000E+00,-3.14159265E+00,-0.00000000E+00,-0.00000000E+00,+0.00000000E+00,-3.14159265E+00,-2.54863268E-15,+5.04839863E-08,+5.04839863E-08,+1.57079638E+00
+0.00000000E+00,+8.30000000E+01,-7.21457247E-21,+8.49393647E-11,+8.49393647E-11,+1.57079633E+00,-0.00000000E+00,-0.00000000E+00,+0.00000000E+00,-3.14159265E+00,-0.00000000E+00,-0.00000000E+00,+0.00000000E+00,-3.14159265E+00,-2.07158569E-16,+1.43930052E-08,+1.43930052E-08,+1.57079634E+00
+0.00000000E+00,+8.40000000E+01,-2.50884008E-22,+1.58402068E-11,+1.58402068E-11,+1.57079633E+00,-0.00000000E+00,-0.00000000E+00,+0.00000000E+00,-3.14159265E+00,-0.00000000E+00,-0.00000000E+00,+0.00000000E+00,-3.14159265E+00,-1.81598411E-17,+4.26143995E-09,+4.26143995E-09,+1.57079633E+00
+0.00000000E+00,+8.50000000E+01,-8.01597379E-24,+2.81506107E-12,+2.81506107E-12,+1.57079633E+00,-0.00000000E+00,-0.00000000E+00,+0.00000000E+00,-3.14159265E+00,-0.00000000E+00,-0.00000000E+00,+0.00000000E+00,-3.14159265E+00,-1.98983516E-18,+1.40991584E-09,+1.40991584E-09,+1.57079633E+00
+0.00000000E+00,+8.60000000E+01,-2.25105098E-25,+4.75603021E-13,+4.75603021E-13,+1.57079633E+00,-0.00000000E+00,-0.00000000E+00,+0.00000000E+00,-3.14159265E+00,-0.00000000E+00,-0.00000000E+00,+0.00000000E+00,-3.14159265E+00,-4.76826239E-19,+6.90546040E-10,+6.90546040E-10,+1.57079633E+00
+0.00000000E+00,+8.70000000E+01,-5.59508635E-27,+7.60823793E-14,+7.60823793E-14,+1.57079633E+00,-0.00000000E+00,-0.00000000E+00,+0.00000000E+00,-3.14159265E+00,-0.00000000E+00,-0.00000000E+00,+0.00000000E+00,-3.14159265E+00,-9.20949212E-20,-3.03480484E-10,+3.03480484E-10,-1.57079633E+00
+0.00000000E+00,+8.80000000E+01,-9.30136428E-29,+1.14462330E-14,+1.14462330E-14,+1.57079633E+00,-0.00000000E+00,-0.00000000E+00,+0.00000000E+00,-3.14159265E+00,-0.00000000E+00,-0.00000000E+00,+0.00000000E+00,-3.14159265E+00,-1.76844607E-22,-1.33099376E-11,+1.33099376E-11,-1.57079633E+00
+0.00000000E+00,+8.90000000E+01,+3.96311603E-30,+1.60022353E-15,+1.60022353E-15,+1.57079633E+00,-0.00000000E+00,-0.00000000E+00,+0.00000000E+00,-3.14159265E+00,-0.00000000E+00,-0.00000000E+00,+0.00000000E+00,-3.14159265E+00,-1.86920099E-24,-1.36480856E-12,+1.36480856E-12,-1.57079633E+00
+0.00000000E+00,+9.00000000E+01,+1.17170305E-30,+2.03123845E-16,+2.03123845E-16,+1.57079633E+00,-0.00000000E+00,-0.00000000E+00,+0.00000000E+00,-3.14159265E+00,-0.00000000E+00,-0.00000000E+00,+0.00000000E+00,-3.14159265E+00,-2.62408354E-26,-1.66835409E-13,+1.66835409E-13,-1.57079633E+00
+0.00000000E+00,+9.10000000E+01,+1.83146079E-31,+2.21971951E-17,+2.21971951E-17,+1.57079633E+00,-0.00000000E+00,-0.00000000E+00,+0.00000000E+00,-3.14159265E+00,-0.00000000E+00,-0.00000000E+00,+0.00000000E+00,-3.14159265E+00,-4.62521498E-28,-2.17444615E-14,+2.17444615E-14,-1.57079633E+00
+0.00000000E+00,+9.20000000E+01,+3.30284906E-32,+1.75744741E-18,+1.75744741E-18,+1.57079633E+00,-0.00000000E+00,-0.00000000E+00,+0.00000000E+00,-3.14159265E+00,-0.00000000E+00,-0.00000000E+00,+0.00000000E+00,-3.14159265E+00,+1.26677270E-29,-2.90379379E-15,+2.90379379E-15,-1.57079633E+00
+0.00000000E+00,+9.30000000E+01,+4.63513364E-33,-3.52006881E-21,+3.52006881E-21,-1.57079633E+00,-0.00000000E+00,-0.00000000E+00,+0.00000000E+00,-3.14159265E+00,-0.00000000E+00,-0.00000000E+00,+0.00000000E+00,-3.14159265E+00,-2.51760322E-32,-3.89994945E-16,+3.89994945E-16,-1.57079633E+00
+0.00000000E+00,+9.40000000E+01,+8.05519325E-34,-4.19227425E-20,+4.19227425E-20,-1.57079633E+00,-0.00000000E+00,-0.00000000E+00,+0.00000000E+00,-3.14159265E+00,-0.00000000E+00,-0.00000000E+00,+0.00000000E+00,-3.14159265E+00,+1.67954879E-31,-5.21505033E-17,+5.21505033E-17,-1.57079633E+00
+0.00000000E+00,+9.50000000E+01,+1.06508767E-34,-1.21696608E-20,+1.21696608E-20,-1.57079633E+00,-0.00000000E+00,-0.00000000E+00,+0.00000000E+00,-3.14159265E+00,-0.00000000E+00,-0.00000000E+00,+0.00000000E+00,-3.14159265E+00,+1.70095350E-32,-6.90205752E-18,+6.90205752E-18,-1.57079633E+00
+0.00000000E+00,+9.60000000E+01,+1.73556820E-35,-2.58733763E-21,+2.58733763E-21,-1.57079633E+00,-0.00000000E+00,-0.00000000E+00,+0.00000000E+00,-3.14159265E+00,-0.00000000E+00,-0.00000000E+00,+0.00000000E+00,-3.14159265E+00,+1.37625598E-33,-9.00732639E-19,+9.00732639E-19,-1.57079633E+00
