              s1;              s2;   Re(z_ibc3.tm);   Im(z_ibc3.tm);  Abs(z_ibc3.tm);  Arg(z_ibc3.tm);   Re(z_ibc3.te);   Im(z_ibc3.te);  Abs(z_ibc3.te);  Arg(z_ibc3.te); 
  +0.00000000E+00; +0.00000000E+00; +0.00000000E+00; +5.41880473E+00; +5.41880473E+00; +1.57079633E+00; +0.00000000E+00; +5.41880473E+00; +5.41880473E+00; +1.57079633E+00; 
  +1.00000000E-02; +0.00000000E+00; +0.00000000E+00; +5.41854434E+00; +5.41854434E+00; +1.57079633E+00; +0.00000000E+00; +5.41853114E+00; +5.41853114E+00; +1.57079633E+00; 
  +2.00000000E-02; +0.00000000E+00; +0.00000000E+00; +5.41776309E+00; +5.41776309E+00; +1.57079633E+00; +0.00000000E+00; +5.41771030E+00; +5.41771030E+00; +1.57079633E+00; 
  +3.00000000E-02; +0.00000000E+00; +0.00000000E+00; +5.41646074E+00; +5.41646074E+00; +1.57079633E+00; +0.00000000E+00; +5.41634192E+00; +5.41634192E+00; +1.57079633E+00; 
  +4.00000000E-02; +0.00000000E+00; +0.00000000E+00; +5.41463691E+00; +5.41463691E+00; +1.57079633E+00; +0.00000000E+00; +5.41442555E+00; +5.41442555E+00; +1.57079633E+00; 
  +5.00000000E-02; +0.00000000E+00; +0.00000000E+00; +5.41229103E+00; +5.41229103E+00; +1.57079633E+00; +0.00000000E+00; +5.41196052E+00; +5.41196052E+00; +1.57079633E+00; 
  +6.00000000E-02; +0.00000000E+00; +0.00000000E+00; +5.40942239E+00; +5.40942239E+00; +1.57079633E+00; +0.00000000E+00; +5.40894602E+00; +5.40894602E+00; +1.57079633E+00; 
  +7.00000000E-02; +0.00000000E+00; +0.00000000E+00; +5.40603012E+00; +5.40603012E+00; +1.57079633E+00; +0.00000000E+00; +5.40538102E+00; +5.40538102E+00; +1.57079633E+00; 
  +8.00000000E-02; +0.00000000E+00; +0.00000000E+00; +5.40211320E+00; +5.40211320E+00; +1.57079633E+00; +0.00000000E+00; +5.40126432E+00; +5.40126432E+00; +1.57079633E+00; 
  +9.00000000E-02; +0.00000000E+00; +0.00000000E+00; +5.39767042E+00; +5.39767042E+00; +1.57079633E+00; +0.00000000E+00; +5.39659451E+00; +5.39659451E+00; +1.57079633E+00; 
  +1.00000000E-01; +0.00000000E+00; +0.00000000E+00; +5.39270043E+00; +5.39270043E+00; +1.57079633E+00; +0.00000000E+00; +5.39137001E+00; +5.39137001E+00; +1.57079633E+00; 
  +1.10000000E-01; +0.00000000E+00; +0.00000000E+00; +5.38720172E+00; +5.38720172E+00; +1.57079633E+00; +0.00000000E+00; +5.38558905E+00; +5.38558905E+00; +1.57079633E+00; 
  +1.20000000E-01; +0.00000000E+00; +0.00000000E+00; +5.38117261E+00; +5.38117261E+00; +1.57079633E+00; +0.00000000E+00; +5.37924966E+00; +5.37924966E+00; +1.57079633E+00; 
  +1.30000000E-01; +0.00000000E+00; +0.00000000E+00; +5.37461124E+00; +5.37461124E+00; +1.57079633E+00; +0.00000000E+00; +5.37234968E+00; +5.37234968E+00; +1.57079633E+00; 
  +1.40000000E-01; +0.00000000E+00; +0.00000000E+00; +5.36751561E+00; +5.36751561E+00; +1.57079633E+00; +0.00000000E+00; +5.36488673E+00; +5.36488673E+00; +1.57079633E+00; 
  +1.50000000E-01; +0.00000000E+00; +0.00000000E+00; +5.35988353E+00; +5.35988353E+00; +1.57079633E+00; +0.00000000E+00; +5.35685828E+00; +5.35685828E+00; +1.57079633E+00; 
  +1.60000000E-01; +0.00000000E+00; +0.00000000E+00; +5.35171266E+00; +5.35171266E+00; +1.57079633E+00; +0.00000000E+00; +5.34826156E+00; +5.34826156E+00; +1.57079633E+00; 
  +1.70000000E-01; +0.00000000E+00; +0.00000000E+00; +5.34300047E+00; +5.34300047E+00; +1.57079633E+00; +0.00000000E+00; +5.33909360E+00; +5.33909360E+00; +1.57079633E+00; 
  +1.80000000E-01; +0.00000000E+00; +0.00000000E+00; +5.33374426E+00; +5.33374426E+00; +1.57079633E+00; +0.00000000E+00; +5.32935125E+00; +5.32935125E+00; +1.57079633E+00; 
  +1.90000000E-01; +0.00000000E+00; +0.00000000E+00; +5.32394116E+00; +5.32394116E+00; +1.57079633E+00; +0.00000000E+00; +5.31903113E+00; +5.31903113E+00; +1.57079633E+00; 
  +2.00000000E-01; +0.00000000E+00; +0.00000000E+00; +5.31358813E+00; +5.31358813E+00; +1.57079633E+00; +0.00000000E+00; +5.30812965E+00; +5.30812965E+00; +1.57079633E+00; 
  +2.10000000E-01; +0.00000000E+00; +0.00000000E+00; +5.30268192E+00; +5.30268192E+00; +1.57079633E+00; +0.00000000E+00; +5.29664302E+00; +5.29664302E+00; +1.57079633E+00; 
  +2.20000000E-01; +0.00000000E+00; +0.00000000E+00; +5.29121914E+00; +5.29121914E+00; +1.57079633E+00; +0.00000000E+00; +5.28456723E+00; +5.28456723E+00; +1.57079633E+00; 
  +2.30000000E-01; +0.00000000E+00; +0.00000000E+00; +5.27919617E+00; +5.27919617E+00; +1.57079633E+00; +0.00000000E+00; +5.27189802E+00; +5.27189802E+00; +1.57079633E+00; 
  +2.40000000E-01; +0.00000000E+00; +0.00000000E+00; +5.26660923E+00; +5.26660923E+00; +1.57079633E+00; +0.00000000E+00; +5.25863095E+00; +5.25863095E+00; +1.57079633E+00; 
  +2.50000000E-01; +0.00000000E+00; +0.00000000E+00; +5.25345434E+00; +5.25345434E+00; +1.57079633E+00; +0.00000000E+00; +5.24476131E+00; +5.24476131E+00; +1.57079633E+00; 
  +2.60000000E-01; +0.00000000E+00; +0.00000000E+00; +5.23972732E+00; +5.23972732E+00; +1.57079633E+00; +0.00000000E+00; +5.23028419E+00; +5.23028419E+00; +1.57079633E+00; 
  +2.70000000E-01; +0.00000000E+00; +0.00000000E+00; +5.22542381E+00; +5.22542381E+00; +1.57079633E+00; +0.00000000E+00; +5.21519443E+00; +5.21519443E+00; +1.57079633E+00; 
  +2.80000000E-01; +0.00000000E+00; +0.00000000E+00; +5.21053923E+00; +5.21053923E+00; +1.57079633E+00; +0.00000000E+00; +5.19948662E+00; +5.19948662E+00; +1.57079633E+00; 
  +2.90000000E-01; +0.00000000E+00; +0.00000000E+00; +5.19506880E+00; +5.19506880E+00; +1.57079633E+00; +0.00000000E+00; +5.18315510E+00; +5.18315510E+00; +1.57079633E+00; 
  +3.00000000E-01; +0.00000000E+00; +0.00000000E+00; +5.17900753E+00; +5.17900753E+00; +1.57079633E+00; +0.00000000E+00; +5.16619398E+00; +5.16619398E+00; +1.57079633E+00; 
  +3.10000000E-01; +0.00000000E+00; +0.00000000E+00; +5.16235022E+00; +5.16235022E+00; +1.57079633E+00; +0.00000000E+00; +5.14859710E+00; +5.14859710E+00; +1.57079633E+00; 
  +3.20000000E-01; +0.00000000E+00; +0.00000000E+00; +5.14509144E+00; +5.14509144E+00; +1.57079633E+00; +0.00000000E+00; +5.13035802E+00; +5.13035802E+00; +1.57079633E+00; 
  +3.30000000E-01; +0.00000000E+00; +0.00000000E+00; +5.12722556E+00; +5.12722556E+00; +1.57079633E+00; +0.00000000E+00; +5.11147006E+00; +5.11147006E+00; +1.57079633E+00; 
  +3.40000000E-01; +0.00000000E+00; +0.00000000E+00; +5.10874670E+00; +5.10874670E+00; +1.57079633E+00; +0.00000000E+00; +5.09192624E+00; +5.09192624E+00; +1.57079633E+00; 
  +3.50000000E-01; +0.00000000E+00; +0.00000000E+00; +5.08964876E+00; +5.08964876E+00; +1.57079633E+00; +0.00000000E+00; +5.07171932E+00; +5.07171932E+00; +1.57079633E+00; 
  +3.60000000E-01; +0.00000000E+00; +0.00000000E+00; +5.06992540E+00; +5.06992540E+00; +1.57079633E+00; +0.00000000E+00; +5.05084174E+00; +5.05084174E+00; +1.57079633E+00; 
  +3.70000000E-01; +0.00000000E+00; +0.00000000E+00; +5.04957005E+00; +5.04957005E+00; +1.57079633E+00; +0.00000000E+00; +5.02928566E+00; +5.02928566E+00; +1.57079633E+00; 
  +3.80000000E-01; +0.00000000E+00; +0.00000000E+00; +5.02857586E+00; +5.02857586E+00; +1.57079633E+00; +0.00000000E+00; +5.00704295E+00; +5.00704295E+00; +1.57079633E+00; 
  +3.90000000E-01; +0.00000000E+00; +0.00000000E+00; +5.00693575E+00; +5.00693575E+00; +1.57079633E+00; +0.00000000E+00; +4.98410514E+00; +4.98410514E+00; +1.57079633E+00; 
  +4.00000000E-01; +0.00000000E+00; +0.00000000E+00; +4.98464239E+00; +4.98464239E+00; +1.57079633E+00; +0.00000000E+00; +4.96046345E+00; +4.96046345E+00; +1.57079633E+00; 
  +4.10000000E-01; +0.00000000E+00; +0.00000000E+00; +4.96168814E+00; +4.96168814E+00; +1.57079633E+00; +0.00000000E+00; +4.93610877E+00; +4.93610877E+00; +1.57079633E+00; 
  +4.20000000E-01; +0.00000000E+00; +0.00000000E+00; +4.93806513E+00; +4.93806513E+00; +1.57079633E+00; +0.00000000E+00; +4.91103166E+00; +4.91103166E+00; +1.57079633E+00; 
  +4.30000000E-01; +0.00000000E+00; +0.00000000E+00; +4.91376518E+00; +4.91376518E+00; +1.57079633E+00; +0.00000000E+00; +4.88522231E+00; +4.88522231E+00; +1.57079633E+00; 
  +4.40000000E-01; +0.00000000E+00; +0.00000000E+00; +4.88877984E+00; +4.88877984E+00; +1.57079633E+00; +0.00000000E+00; +4.85867057E+00; +4.85867057E+00; +1.57079633E+00; 
  +4.50000000E-01; +0.00000000E+00; +0.00000000E+00; +4.86310036E+00; +4.86310036E+00; +1.57079633E+00; +0.00000000E+00; +4.83136591E+00; +4.83136591E+00; +1.57079633E+00; 
  +4.60000000E-01; +0.00000000E+00; +0.00000000E+00; +4.83671767E+00; +4.83671767E+00; +1.57079633E+00; +0.00000000E+00; +4.80329743E+00; +4.80329743E+00; +1.57079633E+00; 
  +4.70000000E-01; +0.00000000E+00; +0.00000000E+00; +4.80962241E+00; +4.80962241E+00; +1.57079633E+00; +0.00000000E+00; +4.77445382E+00; +4.77445382E+00; +1.57079633E+00; 
  +4.80000000E-01; +0.00000000E+00; +0.00000000E+00; +4.78180488E+00; +4.78180488E+00; +1.57079633E+00; +0.00000000E+00; +4.74482337E+00; +4.74482337E+00; +1.57079633E+00; 
  +4.90000000E-01; +0.00000000E+00; +0.00000000E+00; +4.75325505E+00; +4.75325505E+00; +1.57079633E+00; +0.00000000E+00; +4.71439397E+00; +4.71439397E+00; +1.57079633E+00; 
  +5.00000000E-01; +0.00000000E+00; +0.00000000E+00; +4.72396256E+00; +4.72396256E+00; +1.57079633E+00; +0.00000000E+00; +4.68315307E+00; +4.68315307E+00; +1.57079633E+00; 
  +5.10000000E-01; +0.00000000E+00; +0.00000000E+00; +4.69391670E+00; +4.69391670E+00; +1.57079633E+00; +0.00000000E+00; +4.65108765E+00; +4.65108765E+00; +1.57079633E+00; 
  +5.20000000E-01; +0.00000000E+00; +0.00000000E+00; +4.66310638E+00; +4.66310638E+00; +1.57079633E+00; +0.00000000E+00; +4.61818427E+00; +4.61818427E+00; +1.57079633E+00; 
  +5.30000000E-01; +0.00000000E+00; +0.00000000E+00; +4.63152016E+00; +4.63152016E+00; +1.57079633E+00; +0.00000000E+00; +4.58442900E+00; +4.58442900E+00; +1.57079633E+00; 
  +5.40000000E-01; +0.00000000E+00; +0.00000000E+00; +4.59914620E+00; +4.59914620E+00; +1.57079633E+00; +0.00000000E+00; +4.54980741E+00; +4.54980741E+00; +1.57079633E+00; 
  +5.50000000E-01; +0.00000000E+00; +0.00000000E+00; +4.56597228E+00; +4.56597228E+00; +1.57079633E+00; +0.00000000E+00; +4.51430457E+00; +4.51430457E+00; +1.57079633E+00; 
  +5.60000000E-01; +0.00000000E+00; +0.00000000E+00; +4.53198575E+00; +4.53198575E+00; +1.57079633E+00; +0.00000000E+00; +4.47790503E+00; +4.47790503E+00; +1.57079633E+00; 
  +5.70000000E-01; +0.00000000E+00; +0.00000000E+00; +4.49717356E+00; +4.49717356E+00; +1.57079633E+00; +0.00000000E+00; +4.44059278E+00; +4.44059278E+00; +1.57079633E+00; 
  +5.80000000E-01; +0.00000000E+00; +0.00000000E+00; +4.46152220E+00; +4.46152220E+00; +1.57079633E+00; +0.00000000E+00; +4.40235127E+00; +4.40235127E+00; +1.57079633E+00; 
  +5.90000000E-01; +0.00000000E+00; +0.00000000E+00; +4.42501775E+00; +4.42501775E+00; +1.57079633E+00; +0.00000000E+00; +4.36316336E+00; +4.36316336E+00; +1.57079633E+00; 
  +6.00000000E-01; +0.00000000E+00; +0.00000000E+00; +4.38764578E+00; +4.38764578E+00; +1.57079633E+00; +0.00000000E+00; +4.32301129E+00; +4.32301129E+00; +1.57079633E+00; 
  +6.10000000E-01; +0.00000000E+00; +0.00000000E+00; +4.34939142E+00; +4.34939142E+00; +1.57079633E+00; +0.00000000E+00; +4.28187669E+00; +4.28187669E+00; +1.57079633E+00; 
  +6.20000000E-01; +0.00000000E+00; +0.00000000E+00; +4.31023927E+00; +4.31023927E+00; +1.57079633E+00; +0.00000000E+00; +4.23974053E+00; +4.23974053E+00; +1.57079633E+00; 
  +6.30000000E-01; +0.00000000E+00; +0.00000000E+00; +4.27017345E+00; +4.27017345E+00; +1.57079633E+00; +0.00000000E+00; +4.19658312E+00; +4.19658312E+00; +1.57079633E+00; 
  +6.40000000E-01; +0.00000000E+00; +0.00000000E+00; +4.22917751E+00; +4.22917751E+00; +1.57079633E+00; +0.00000000E+00; +4.15238406E+00; +4.15238406E+00; +1.57079633E+00; 
  +6.50000000E-01; +0.00000000E+00; +0.00000000E+00; +4.18723449E+00; +4.18723449E+00; +1.57079633E+00; +0.00000000E+00; +4.10712223E+00; +4.10712223E+00; +1.57079633E+00; 
  +6.60000000E-01; +0.00000000E+00; +0.00000000E+00; +4.14432684E+00; +4.14432684E+00; +1.57079633E+00; +0.00000000E+00; +4.06077573E+00; +4.06077573E+00; +1.57079633E+00; 
  +6.70000000E-01; +0.00000000E+00; +0.00000000E+00; +4.10043641E+00; +4.10043641E+00; +1.57079633E+00; +0.00000000E+00; +4.01332191E+00; +4.01332191E+00; +1.57079633E+00; 
  +6.80000000E-01; +0.00000000E+00; +0.00000000E+00; +4.05554446E+00; +4.05554446E+00; +1.57079633E+00; +0.00000000E+00; +3.96473729E+00; +3.96473729E+00; +1.57079633E+00; 
  +6.90000000E-01; +0.00000000E+00; +0.00000000E+00; +4.00963161E+00; +4.00963161E+00; +1.57079633E+00; +0.00000000E+00; +3.91499753E+00; +3.91499753E+00; +1.57079633E+00; 
  +7.00000000E-01; +0.00000000E+00; +0.00000000E+00; +3.96267782E+00; +3.96267782E+00; +1.57079633E+00; +0.00000000E+00; +3.86407742E+00; +3.86407742E+00; +1.57079633E+00; 
  +7.10000000E-01; +0.00000000E+00; +0.00000000E+00; +3.91466236E+00; +3.91466236E+00; +1.57079633E+00; +0.00000000E+00; +3.81195082E+00; +3.81195082E+00; +1.57079633E+00; 
  +7.20000000E-01; +0.00000000E+00; +0.00000000E+00; +3.86556380E+00; +3.86556380E+00; +1.57079633E+00; +0.00000000E+00; +3.75859065E+00; +3.75859065E+00; +1.57079633E+00; 
  +7.30000000E-01; +0.00000000E+00; +0.00000000E+00; +3.81535999E+00; +3.81535999E+00; +1.57079633E+00; +0.00000000E+00; +3.70396880E+00; +3.70396880E+00; +1.57079633E+00; 
  +7.40000000E-01; +0.00000000E+00; +0.00000000E+00; +3.76402799E+00; +3.76402799E+00; +1.57079633E+00; +0.00000000E+00; +3.64805616E+00; +3.64805616E+00; +1.57079633E+00; 
  +7.50000000E-01; +0.00000000E+00; +0.00000000E+00; +3.71154409E+00; +3.71154409E+00; +1.57079633E+00; +0.00000000E+00; +3.59082249E+00; +3.59082249E+00; +1.57079633E+00; 
  +7.60000000E-01; +0.00000000E+00; +0.00000000E+00; +3.65788374E+00; +3.65788374E+00; +1.57079633E+00; +0.00000000E+00; +3.53223645E+00; +3.53223645E+00; +1.57079633E+00; 
  +7.70000000E-01; +0.00000000E+00; +0.00000000E+00; +3.60302154E+00; +3.60302154E+00; +1.57079633E+00; +0.00000000E+00; +3.47226550E+00; +3.47226550E+00; +1.57079633E+00; 
  +7.80000000E-01; +0.00000000E+00; +0.00000000E+00; +3.54693119E+00; +3.54693119E+00; +1.57079633E+00; +0.00000000E+00; +3.41087588E+00; +3.41087588E+00; +1.57079633E+00; 
  +7.90000000E-01; +0.00000000E+00; +0.00000000E+00; +3.48958548E+00; +3.48958548E+00; +1.57079633E+00; +0.00000000E+00; +3.34803253E+00; +3.34803253E+00; +1.57079633E+00; 
  +8.00000000E-01; +0.00000000E+00; +0.00000000E+00; +3.43095622E+00; +3.43095622E+00; +1.57079633E+00; +0.00000000E+00; +3.28369905E+00; +3.28369905E+00; +1.57079633E+00; 
  +8.10000000E-01; +0.00000000E+00; +0.00000000E+00; +3.37101422E+00; +3.37101422E+00; +1.57079633E+00; +0.00000000E+00; +3.21783761E+00; +3.21783761E+00; +1.57079633E+00; 
  +8.20000000E-01; +0.00000000E+00; +0.00000000E+00; +3.30972923E+00; +3.30972923E+00; +1.57079633E+00; +0.00000000E+00; +3.15040893E+00; +3.15040893E+00; +1.57079633E+00; 
  +8.30000000E-01; +0.00000000E+00; +0.00000000E+00; +3.24706993E+00; +3.24706993E+00; +1.57079633E+00; +0.00000000E+00; +3.08137217E+00; +3.08137217E+00; +1.57079633E+00; 
  +8.40000000E-01; +0.00000000E+00; +0.00000000E+00; +3.18300384E+00; +3.18300384E+00; +1.57079633E+00; +0.00000000E+00; +3.01068488E+00; +3.01068488E+00; +1.57079633E+00; 
  +8.50000000E-01; +0.00000000E+00; +0.00000000E+00; +3.11749730E+00; +3.11749730E+00; +1.57079633E+00; +0.00000000E+00; +2.93830292E+00; +2.93830292E+00; +1.57079633E+00; 
  +8.60000000E-01; +0.00000000E+00; +0.00000000E+00; +3.05051542E+00; +3.05051542E+00; +1.57079633E+00; +0.00000000E+00; +2.86418037E+00; +2.86418037E+00; +1.57079633E+00; 
  +8.70000000E-01; +0.00000000E+00; +0.00000000E+00; +2.98202201E+00; +2.98202201E+00; +1.57079633E+00; +0.00000000E+00; +2.78826945E+00; +2.78826945E+00; +1.57079633E+00; 
  +8.80000000E-01; +0.00000000E+00; +0.00000000E+00; +2.91197950E+00; +2.91197950E+00; +1.57079633E+00; +0.00000000E+00; +2.71052041E+00; +2.71052041E+00; +1.57079633E+00; 
  +8.90000000E-01; +0.00000000E+00; +0.00000000E+00; +2.84034896E+00; +2.84034896E+00; +1.57079633E+00; +0.00000000E+00; +2.63088149E+00; +2.63088149E+00; +1.57079633E+00; 
  +9.00000000E-01; +0.00000000E+00; +0.00000000E+00; +2.76708995E+00; +2.76708995E+00; +1.57079633E+00; +0.00000000E+00; +2.54929873E+00; +2.54929873E+00; +1.57079633E+00; 
  +9.10000000E-01; +0.00000000E+00; +0.00000000E+00; +2.69216048E+00; +2.69216048E+00; +1.57079633E+00; +0.00000000E+00; +2.46571595E+00; +2.46571595E+00; +1.57079633E+00; 
  +9.20000000E-01; +0.00000000E+00; +0.00000000E+00; +2.61551697E+00; +2.61551697E+00; +1.57079633E+00; +0.00000000E+00; +2.38007456E+00; +2.38007456E+00; +1.57079633E+00; 
  +9.30000000E-01; +0.00000000E+00; +0.00000000E+00; +2.53711413E+00; +2.53711413E+00; +1.57079633E+00; +0.00000000E+00; +2.29231349E+00; +2.29231349E+00; +1.57079633E+00; 
  +9.40000000E-01; +0.00000000E+00; +0.00000000E+00; +2.45690491E+00; +2.45690491E+00; +1.57079633E+00; +0.00000000E+00; +2.20236901E+00; +2.20236901E+00; +1.57079633E+00; 
  +9.50000000E-01; +0.00000000E+00; +0.00000000E+00; +2.37484040E+00; +2.37484040E+00; +1.57079633E+00; +0.00000000E+00; +2.11017464E+00; +2.11017464E+00; +1.57079633E+00; 
  +9.60000000E-01; +0.00000000E+00; +0.00000000E+00; +2.29086974E+00; +2.29086974E+00; +1.57079633E+00; +0.00000000E+00; +2.01566097E+00; +2.01566097E+00; +1.57079633E+00; 
  +9.70000000E-01; +0.00000000E+00; +0.00000000E+00; +2.20494005E+00; +2.20494005E+00; +1.57079633E+00; +0.00000000E+00; +1.91875552E+00; +1.91875552E+00; +1.57079633E+00; 
  +9.80000000E-01; +0.00000000E+00; +0.00000000E+00; +2.11699629E+00; +2.11699629E+00; +1.57079633E+00; +0.00000000E+00; +1.81938253E+00; +1.81938253E+00; +1.57079633E+00; 
  +9.90000000E-01; +0.00000000E+00; +0.00000000E+00; +2.02698118E+00; +2.02698118E+00; +1.57079633E+00; +0.00000000E+00; +1.71746284E+00; +1.71746284E+00; +1.57079633E+00; 
  +1.00000000E+00; +0.00000000E+00; +0.00000000E+00; +1.93483510E+00; +1.93483510E+00; +1.57079633E+00; +0.00000000E+00; +1.61291365E+00; +1.61291365E+00; +1.57079633E+00; 
  +1.01000000E+00; +0.00000000E+00; +0.00000000E+00; +1.84049593E+00; +1.84049593E+00; +1.57079633E+00; +0.00000000E+00; +1.50564835E+00; +1.50564835E+00; +1.57079633E+00; 
  +1.02000000E+00; +0.00000000E+00; +0.00000000E+00; +1.74389895E+00; +1.74389895E+00; +1.57079633E+00; +0.00000000E+00; +1.39557624E+00; +1.39557624E+00; +1.57079633E+00; 
  +1.03000000E+00; +0.00000000E+00; +0.00000000E+00; +1.64497670E+00; +1.64497670E+00; +1.57079633E+00; +0.00000000E+00; +1.28260239E+00; +1.28260239E+00; +1.57079633E+00; 
  +1.04000000E+00; +0.00000000E+00; +0.00000000E+00; +1.54365885E+00; +1.54365885E+00; +1.57079633E+00; +0.00000000E+00; +1.16662728E+00; +1.16662728E+00; +1.57079633E+00; 
  +1.05000000E+00; +0.00000000E+00; +0.00000000E+00; +1.43987202E+00; +1.43987202E+00; +1.57079633E+00; +0.00000000E+00; +1.04754661E+00; +1.04754661E+00; +1.57079633E+00; 
  +1.06000000E+00; +0.00000000E+00; +0.00000000E+00; +1.33353964E+00; +1.33353964E+00; +1.57079633E+00; +0.00000000E+00; +9.25250986E-01; +9.25250986E-01; +1.57079633E+00; 
  +1.07000000E+00; +0.00000000E+00; +0.00000000E+00; +1.22458176E+00; +1.22458176E+00; +1.57079633E+00; +0.00000000E+00; +7.99625581E-01; +7.99625581E-01; +1.57079633E+00; 
  +1.08000000E+00; +0.00000000E+00; +0.00000000E+00; +1.11291487E+00; +1.11291487E+00; +1.57079633E+00; +0.00000000E+00; +6.70549837E-01; +6.70549837E-01; +1.57079633E+00; 
  +1.09000000E+00; +0.00000000E+00; +0.00000000E+00; +9.98451724E-01; +9.98451724E-01; +1.57079633E+00; +0.00000000E+00; +5.37897088E-01; +5.37897088E-01; +1.57079633E+00; 
  +1.10000000E+00; +0.00000000E+00; +0.00000000E+00; +8.81101098E-01; +8.81101098E-01; +1.57079633E+00; +0.00000000E+00; +4.01534175E-01; +4.01534175E-01; +1.57079633E+00; 
  +1.11000000E+00; +0.00000000E+00; +0.00000000E+00; +7.60767583E-01; +7.60767583E-01; +1.57079633E+00; +0.00000000E+00; +2.61321025E-01; +2.61321025E-01; +1.57079633E+00; 
  +1.12000000E+00; +0.00000000E+00; +0.00000000E+00; +6.37351342E-01; +6.37351342E-01; +1.57079633E+00; +0.00000000E+00; +1.17110208E-01; +1.17110208E-01; +1.57079633E+00; 
  +1.13000000E+00; +0.00000000E+00; +0.00000000E+00; +5.10747851E-01; +5.10747851E-01; +1.57079633E+00; +0.00000000E+00; -3.12535568E-02; +3.12535568E-02; -1.57079633E+00; 
  +1.14000000E+00; +0.00000000E+00; +0.00000000E+00; +3.80847626E-01; +3.80847626E-01; +1.57079633E+00; +0.00000000E+00; -1.83933923E-01; +1.83933923E-01; -1.57079633E+00; 
  +1.15000000E+00; +0.00000000E+00; +0.00000000E+00; +2.47535929E-01; +2.47535929E-01; +1.57079633E+00; +0.00000000E+00; -3.41103483E-01; +3.41103483E-01; -1.57079633E+00; 
  +1.16000000E+00; +0.00000000E+00; +0.00000000E+00; +1.10692447E-01; +1.10692447E-01; +1.57079633E+00; +0.00000000E+00; -5.02944389E-01; +5.02944389E-01; -1.57079633E+00; 
  +1.17000000E+00; +0.00000000E+00; +0.00000000E+00; -2.98090420E-02; +2.98090420E-02; -1.57079633E+00; +0.00000000E+00; -6.69649013E-01; +6.69649013E-01; -1.57079633E+00; 
  +1.18000000E+00; +0.00000000E+00; +0.00000000E+00; -1.74101035E-01; +1.74101035E-01; -1.57079633E+00; +0.00000000E+00; -8.41420675E-01; +8.41420675E-01; -1.57079633E+00; 
  +1.19000000E+00; +0.00000000E+00; +0.00000000E+00; -3.22322697E-01; +3.22322697E-01; -1.57079633E+00; +0.00000000E+00; -1.01847443E+00; +1.01847443E+00; -1.57079633E+00; 
  +1.20000000E+00; +0.00000000E+00; +0.00000000E+00; -4.74620282E-01; +4.74620282E-01; -1.57079633E+00; +0.00000000E+00; -1.20103791E+00; +1.20103791E+00; -1.57079633E+00; 
  +1.21000000E+00; +0.00000000E+00; +0.00000000E+00; -6.31147586E-01; +6.31147586E-01; -1.57079633E+00; +0.00000000E+00; -1.38935227E+00; +1.38935227E+00; -1.57079633E+00; 
  +1.22000000E+00; +0.00000000E+00; +0.00000000E+00; -7.92066438E-01; +7.92066438E-01; -1.57079633E+00; +0.00000000E+00; -1.58367321E+00; +1.58367321E+00; -1.57079633E+00; 
  +1.23000000E+00; +0.00000000E+00; +0.00000000E+00; -9.57547227E-01; +9.57547227E-01; -1.57079633E+00; +0.00000000E+00; -1.78427205E+00; +1.78427205E+00; -1.57079633E+00; 
  +1.24000000E+00; +0.00000000E+00; +0.00000000E+00; -1.12776947E+00; +1.12776947E+00; -1.57079633E+00; +0.00000000E+00; -1.99143695E+00; +1.99143695E+00; -1.57079633E+00; 
  +1.25000000E+00; +0.00000000E+00; +0.00000000E+00; -1.30292244E+00; +1.30292244E+00; -1.57079633E+00; +0.00000000E+00; -2.20547428E+00; +2.20547428E+00; -1.57079633E+00; 
  +1.26000000E+00; +0.00000000E+00; +0.00000000E+00; -1.48320582E+00; +1.48320582E+00; -1.57079633E+00; +0.00000000E+00; -2.42671000E+00; +2.42671000E+00; -1.57079633E+00; 
  +1.27000000E+00; +0.00000000E+00; +0.00000000E+00; -1.66883043E+00; +1.66883043E+00; -1.57079633E+00; +0.00000000E+00; -2.65549129E+00; +2.65549129E+00; -1.57079633E+00; 
  +1.28000000E+00; +0.00000000E+00; +0.00000000E+00; -1.86001900E+00; +1.86001900E+00; -1.57079633E+00; +0.00000000E+00; -2.89218831E+00; +2.89218831E+00; -1.57079633E+00; 
  +1.29000000E+00; +0.00000000E+00; +0.00000000E+00; -2.05700707E+00; +2.05700707E+00; -1.57079633E+00; +0.00000000E+00; -3.13719612E+00; +3.13719612E+00; -1.57079633E+00; 
  +1.30000000E+00; +0.00000000E+00; +0.00000000E+00; -2.26004383E+00; +2.26004383E+00; -1.57079633E+00; +0.00000000E+00; -3.39093676E+00; +3.39093676E+00; -1.57079633E+00; 
  +1.31000000E+00; +0.00000000E+00; +0.00000000E+00; -2.46939322E+00; +2.46939322E+00; -1.57079633E+00; +0.00000000E+00; -3.65386167E+00; +3.65386167E+00; -1.57079633E+00; 
  +1.32000000E+00; +0.00000000E+00; +0.00000000E+00; -2.68533496E+00; +2.68533496E+00; -1.57079633E+00; +0.00000000E+00; -3.92645422E+00; +3.92645422E+00; -1.57079633E+00; 
  +1.33000000E+00; +0.00000000E+00; +0.00000000E+00; -2.90816578E+00; +2.90816578E+00; -1.57079633E+00; +0.00000000E+00; -4.20923263E+00; +4.20923263E+00; -1.57079633E+00; 
  +1.34000000E+00; +0.00000000E+00; +0.00000000E+00; -3.13820071E+00; +3.13820071E+00; -1.57079633E+00; +0.00000000E+00; -4.50275313E+00; +4.50275313E+00; -1.57079633E+00; 
  +1.35000000E+00; +0.00000000E+00; +0.00000000E+00; -3.37577455E+00; +3.37577455E+00; -1.57079633E+00; +0.00000000E+00; -4.80761350E+00; +4.80761350E+00; -1.57079633E+00; 
  +1.36000000E+00; +0.00000000E+00; +0.00000000E+00; -3.62124336E+00; +3.62124336E+00; -1.57079633E+00; +0.00000000E+00; -5.12445707E+00; +5.12445707E+00; -1.57079633E+00; 
  +1.37000000E+00; +0.00000000E+00; +0.00000000E+00; -3.87498627E+00; +3.87498627E+00; -1.57079633E+00; +0.00000000E+00; -5.45397706E+00; +5.45397706E+00; -1.57079633E+00; 
  +1.38000000E+00; +0.00000000E+00; +0.00000000E+00; -4.13740731E+00; +4.13740731E+00; -1.57079633E+00; +0.00000000E+00; -5.79692159E+00; +5.79692159E+00; -1.57079633E+00; 
  +1.39000000E+00; +0.00000000E+00; +0.00000000E+00; -4.40893750E+00; +4.40893750E+00; -1.57079633E+00; +0.00000000E+00; -6.15409914E+00; +6.15409914E+00; -1.57079633E+00; 
  +1.40000000E+00; +0.00000000E+00; +0.00000000E+00; -4.69003712E+00; +4.69003712E+00; -1.57079633E+00; +0.00000000E+00; -6.52638482E+00; +6.52638482E+00; -1.57079633E+00; 
