s1,s2,Re(r_ibc3.11),Im(r_ibc3.11),Abs(r_ibc3.11),Arg(r_ibc3.11),Re(r_ibc3.21),Im(r_ibc3.21),Abs(r_ibc3.21),Arg(r_ibc3.21),Re(r_ibc3.12),Im(r_ibc3.12),Abs(r_ibc3.12),Arg(r_ibc3.12),Re(r_ibc3.22),Im(r_ibc3.22),Abs(r_ibc3.22),Arg(r_ibc3.22)
+0.00000000E+00,+0.00000000E+00,-7.49879361E-01,+6.61574594E-01,+1.00000000E+00,+2.41867604E+00,-0.00000000E+00,-0.00000000E+00,+0.00000000E+00,-3.14159265E+00,-0.00000000E+00,-0.00000000E+00,+0.00000000E+00,-3.14159265E+00,-7.49879361E-01,+6.61574594E-01,+1.00000000E+00,+2.41867604E+00
+1.00000000E-02,+0.00000000E+00,-7.49944878E-01,+6.61500325E-01,+1.00000000E+00,+2.41877507E+00,-0.00000000E+00,-0.00000000E+00,+0.00000000E+00,-3.14159265E+00,-0.00000000E+00,-0.00000000E+00,+0.00000000E+00,-3.14159265E+00,-7.49914380E-01,+6.61534900E-01,+1.00000000E+00,+2.41872897E+00
+2.00000000E-02,+0.00000000E+00,-7.50141391E-01,+6.61277471E-01,+1.00000000E+00,+2.41907219E+00,-0.00000000E+00,-0.00000000E+00,+0.00000000E+00,-3.14159265E+00,-0.00000000E+00,-0.00000000E+00,+0.00000000E+00,-3.14159265E+00,-7.50019436E-01,+6.61415788E-01,+1.00000000E+00,+2.41888779E+00
+3.00000000E-02,+0.00000000E+00,-7.50468789E-01,+6.60905891E-01,+1.00000000E+00,+2.41956743E+00,-0.00000000E+00,-0.00000000E+00,+0.00000000E+00,-3.14159265E+00,-0.00000000E+00,-0.00000000E+00,+0.00000000E+00,-3.14159265E+00,-7.50194534E-01,+6.61217181E-01,+1.00000000E+00,+2.41915256E+00
+4.00000000E-02,+0.00000000E+00,-7.50926886E-01,+6.60385351E-01,+1.00000000E+00,+2.42026084E+00,-0.00000000E+00,-0.00000000E+00,+0.00000000E+00,-3.14159265E+00,-0.00000000E+00,-0.00000000E+00,+0.00000000E+00,-3.14159265E+00,-7.50439678E-01,+6.60938945E-01,+1.00000000E+00,+2.41952339E+00
+5.00000000E-02,+0.00000000E+00,-7.51515422E-01,+6.59715522E-01,+1.00000000E+00,+2.42115249E+00,-0.00000000E+00,-0.00000000E+00,+0.00000000E+00,-3.14159265E+00,-0.00000000E+00,-0.00000000E+00,+0.00000000E+00,-3.14159265E+00,-7.50754875E-01,+6.60580894E-01,+1.00000000E+00,+2.42000041E+00
+6.00000000E-02,+0.00000000E+00,-7.52234060E-01,+6.58895985E-01,+1.00000000E+00,+2.42224249E+00,-0.00000000E+00,-0.00000000E+00,+0.00000000E+00,-3.14159265E+00,-0.00000000E+00,-0.00000000E+00,+0.00000000E+00,-3.14159265E+00,-7.51140134E-01,+6.60142787E-01,+1.00000000E+00,+2.42058381E+00
+7.00000000E-02,+0.00000000E+00,-7.53082387E-01,+6.57926225E-01,+1.00000000E+00,+2.42353093E+00,-0.00000000E+00,-0.00000000E+00,+0.00000000E+00,-3.14159265E+00,-0.00000000E+00,-0.00000000E+00,+0.00000000E+00,-3.14159265E+00,-7.51595464E-01,+6.59624331E-01,+1.00000000E+00,+2.42127383E+00
+8.00000000E-02,+0.00000000E+00,-7.54059912E-01,+6.56805640E-01,+1.00000000E+00,+2.42501796E+00,-0.00000000E+00,-0.00000000E+00,+0.00000000E+00,-3.14159265E+00,-0.00000000E+00,-0.00000000E+00,+0.00000000E+00,-3.14159265E+00,-7.52120879E-01,+6.59025176E-01,+1.00000000E+00,+2.42207073E+00
+9.00000000E-02,+0.00000000E+00,-7.55166065E-01,+6.55533534E-01,+1.00000000E+00,+2.42670374E+00,-0.00000000E+00,-0.00000000E+00,+0.00000000E+00,-3.14159265E+00,-0.00000000E+00,-0.00000000E+00,+0.00000000E+00,-3.14159265E+00,-7.52716393E-01,+6.58344919E-01,+1.00000000E+00,+2.42297482E+00
+1.00000000E-01,+0.00000000E+00,-7.56400195E-01,+6.54109123E-01,+1.00000000E+00,+2.42858842E+00,-0.00000000E+00,-0.00000000E+00,+0.00000000E+00,-3.14159265E+00,-0.00000000E+00,-0.00000000E+00,+0.00000000E+00,-3.14159265E+00,-7.53382020E-01,+6.57583098E-01,+1.00000000E+00,+2.42398647E+00
+1.10000000E-01,+0.00000000E+00,-7.57761570E-01,+6.52531534E-01,+1.00000000E+00,+2.43067220E+00,-0.00000000E+00,-0.00000000E+00,+0.00000000E+00,-3.14159265E+00,-0.00000000E+00,-0.00000000E+00,+0.00000000E+00,-3.14159265E+00,-7.54117779E-01,+6.56739199E-01,+1.00000000E+00,+2.42510607E+00
+1.20000000E-01,+0.00000000E+00,-7.59249373E-01,+6.50799807E-01,+1.00000000E+00,+2.43295527E+00,-0.00000000E+00,-0.00000000E+00,+0.00000000E+00,-3.14159265E+00,-0.00000000E+00,-0.00000000E+00,+0.00000000E+00,-3.14159265E+00,-7.54923687E-01,+6.55812646E-01,+1.00000000E+00,+2.42633408E+00
+1.30000000E-01,+0.00000000E+00,-7.60862701E-01,+6.48912899E-01,+1.00000000E+00,+2.43543786E+00,-0.00000000E+00,-0.00000000E+00,+0.00000000E+00,-3.14159265E+00,-0.00000000E+00,-0.00000000E+00,+0.00000000E+00,-3.14159265E+00,-7.55799765E-01,+6.54802806E-01,+1.00000000E+00,+2.42767097E+00
+1.40000000E-01,+0.00000000E+00,-7.62600561E-01,+6.46869681E-01,+1.00000000E+00,+2.43812019E+00,-0.00000000E+00,-0.00000000E+00,+0.00000000E+00,-3.14159265E+00,-0.00000000E+00,-0.00000000E+00,+0.00000000E+00,-3.14159265E+00,-7.56746034E-01,+6.53708987E-01,+1.00000000E+00,+2.42911730E+00
+1.50000000E-01,+0.00000000E+00,-7.64461871E-01,+6.44668944E-01,+1.00000000E+00,+2.44100251E+00,-0.00000000E+00,-0.00000000E+00,+0.00000000E+00,-3.14159265E+00,-0.00000000E+00,-0.00000000E+00,+0.00000000E+00,-3.14159265E+00,-7.57762515E-01,+6.52530436E-01,+1.00000000E+00,+2.43067365E+00
+1.60000000E-01,+0.00000000E+00,-7.66445456E-01,+6.42309398E-01,+1.00000000E+00,+2.44408505E+00,-0.00000000E+00,-0.00000000E+00,+0.00000000E+00,-3.14159265E+00,-0.00000000E+00,-0.00000000E+00,+0.00000000E+00,-3.14159265E+00,-7.58849232E-01,+6.51266338E-01,+1.00000000E+00,+2.43234065E+00
+1.70000000E-01,+0.00000000E+00,-7.68550041E-01,+6.39789679E-01,+1.00000000E+00,+2.44736808E+00,-0.00000000E+00,-0.00000000E+00,+0.00000000E+00,-3.14159265E+00,-0.00000000E+00,-0.00000000E+00,+0.00000000E+00,-3.14159265E+00,-7.60006208E-01,+6.49915813E-01,+1.00000000E+00,+2.43411899E+00
+1.80000000E-01,+0.00000000E+00,-7.70774256E-01,+6.37108347E-01,+1.00000000E+00,+2.45085185E+00,-0.00000000E+00,-0.00000000E+00,+0.00000000E+00,-3.14159265E+00,-0.00000000E+00,-0.00000000E+00,+0.00000000E+00,-3.14159265E+00,-7.61233467E-01,+6.48477917E-01,+1.00000000E+00,+2.43600942E+00
+1.90000000E-01,+0.00000000E+00,-7.73116626E-01,+6.34263891E-01,+1.00000000E+00,+2.45453664E+00,-0.00000000E+00,-0.00000000E+00,+0.00000000E+00,-3.14159265E+00,-0.00000000E+00,-0.00000000E+00,+0.00000000E+00,-3.14159265E+00,-7.62531033E-01,+6.46951640E-01,+1.00000000E+00,+2.43801272E+00
+2.00000000E-01,+0.00000000E+00,-7.75575570E-01,+6.31254731E-01,+1.00000000E+00,+2.45842270E+00,-0.00000000E+00,-0.00000000E+00,+0.00000000E+00,-3.14159265E+00,-0.00000000E+00,-0.00000000E+00,+0.00000000E+00,-3.14159265E+00,-7.63898930E-01,+6.45335901E-01,+1.00000000E+00,+2.44012973E+00
+2.10000000E-01,+0.00000000E+00,-7.78149399E-01,+6.28079225E-01,+1.00000000E+00,+2.46251030E+00,-0.00000000E+00,-0.00000000E+00,+0.00000000E+00,-3.14159265E+00,-0.00000000E+00,-0.00000000E+00,+0.00000000E+00,-3.14159265E+00,-7.65337182E-01,+6.43629550E-01,+1.00000000E+00,+2.44236137E+00
+2.20000000E-01,+0.00000000E+00,-7.80836310E-01,+6.24735670E-01,+1.00000000E+00,+2.46679969E+00,-0.00000000E+00,-0.00000000E+00,+0.00000000E+00,-3.14159265E+00,-0.00000000E+00,-0.00000000E+00,+0.00000000E+00,-3.14159265E+00,-7.66845812E-01,+6.41831364E-01,+1.00000000E+00,+2.44470859E+00
+2.30000000E-01,+0.00000000E+00,-7.83634385E-01,+6.21222304E-01,+1.00000000E+00,+2.47129112E+00,-0.00000000E+00,-0.00000000E+00,+0.00000000E+00,-3.14159265E+00,-0.00000000E+00,-0.00000000E+00,+0.00000000E+00,-3.14159265E+00,-7.68424844E-01,+6.39940044E-01,+1.00000000E+00,+2.44717242E+00
+2.40000000E-01,+0.00000000E+00,-7.86541585E-01,+6.17537315E-01,+1.00000000E+00,+2.47598484E+00,-0.00000000E+00,-0.00000000E+00,+0.00000000E+00,-3.14159265E+00,-0.00000000E+00,-0.00000000E+00,+0.00000000E+00,-3.14159265E+00,-7.70074297E-01,+6.37954212E-01,+1.00000000E+00,+2.44975393E+00
+2.50000000E-01,+0.00000000E+00,-7.89555746E-01,+6.13678844E-01,+1.00000000E+00,+2.48088107E+00,-0.00000000E+00,-0.00000000E+00,+0.00000000E+00,-3.14159265E+00,-0.00000000E+00,-0.00000000E+00,+0.00000000E+00,-3.14159265E+00,-7.71794192E-01,+6.35872413E-01,+1.00000000E+00,+2.45245429E+00
+2.60000000E-01,+0.00000000E+00,-7.92674578E-01,+6.09644989E-01,+1.00000000E+00,+2.48598000E+00,-0.00000000E+00,-0.00000000E+00,+0.00000000E+00,-3.14159265E+00,-0.00000000E+00,-0.00000000E+00,+0.00000000E+00,-3.14159265E+00,-7.73584545E-01,+6.33693105E-01,+1.00000000E+00,+2.45527471E+00
+2.70000000E-01,+0.00000000E+00,-7.95895657E-01,+6.05433814E-01,+1.00000000E+00,+2.49128184E+00,-0.00000000E+00,-0.00000000E+00,+0.00000000E+00,-3.14159265E+00,-0.00000000E+00,-0.00000000E+00,+0.00000000E+00,-3.14159265E+00,-7.75445372E-01,+6.31414661E-01,+1.00000000E+00,+2.45821647E+00
+2.80000000E-01,+0.00000000E+00,-7.99216423E-01,+6.01043351E-01,+1.00000000E+00,+2.49678672E+00,-0.00000000E+00,-0.00000000E+00,+0.00000000E+00,-3.14159265E+00,-0.00000000E+00,-0.00000000E+00,+0.00000000E+00,-3.14159265E+00,-7.77376686E-01,+6.29035364E-01,+1.00000000E+00,+2.46128095E+00
+2.90000000E-01,+0.00000000E+00,-8.02634176E-01,+5.96471608E-01,+1.00000000E+00,+2.50249478E+00,-0.00000000E+00,-0.00000000E+00,+0.00000000E+00,-3.14159265E+00,-0.00000000E+00,-0.00000000E+00,+0.00000000E+00,-3.14159265E+00,-7.79378493E-01,+6.26553401E-01,+1.00000000E+00,+2.46446959E+00
+3.00000000E-01,+0.00000000E+00,-8.06146072E-01,+5.91716580E-01,+1.00000000E+00,+2.50840611E+00,-0.00000000E+00,-0.00000000E+00,+0.00000000E+00,-3.14159265E+00,-0.00000000E+00,-0.00000000E+00,+0.00000000E+00,-3.14159265E+00,-7.81450800E-01,+6.23966864E-01,+1.00000000E+00,+2.46778389E+00
+3.10000000E-01,+0.00000000E+00,-8.09749117E-01,+5.86776250E-01,+1.00000000E+00,+2.51452075E+00,-0.00000000E+00,-0.00000000E+00,+0.00000000E+00,-3.14159265E+00,-0.00000000E+00,-0.00000000E+00,+0.00000000E+00,-3.14159265E+00,-7.83593606E-01,+6.21273741E-01,+1.00000000E+00,+2.47122548E+00
+3.20000000E-01,+0.00000000E+00,-8.13440167E-01,+5.81648601E-01,+1.00000000E+00,+2.52083873E+00,-0.00000000E+00,-0.00000000E+00,+0.00000000E+00,-3.14159265E+00,-0.00000000E+00,-0.00000000E+00,+0.00000000E+00,-3.14159265E+00,-7.85806904E-01,+6.18471915E-01,+1.00000000E+00,+2.47479605E+00
+3.30000000E-01,+0.00000000E+00,-8.17215918E-01,+5.76331627E-01,+1.00000000E+00,+2.52735997E+00,-0.00000000E+00,-0.00000000E+00,+0.00000000E+00,-3.14159265E+00,-0.00000000E+00,-0.00000000E+00,+0.00000000E+00,-3.14159265E+00,-7.88090684E-01,+6.15559155E-01,+1.00000000E+00,+2.47849738E+00
+3.40000000E-01,+0.00000000E+00,-8.21072908E-01,+5.70823335E-01,+1.00000000E+00,+2.53408439E+00,-0.00000000E+00,-0.00000000E+00,+0.00000000E+00,-3.14159265E+00,-0.00000000E+00,-0.00000000E+00,+0.00000000E+00,-3.14159265E+00,-7.90444927E-01,+6.12533115E-01,+1.00000000E+00,+2.48233136E+00
+3.50000000E-01,+0.00000000E+00,-8.25007511E-01,+5.65121763E-01,+1.00000000E+00,+2.54101182E+00,-0.00000000E+00,-0.00000000E+00,+0.00000000E+00,-3.14159265E+00,-0.00000000E+00,-0.00000000E+00,+0.00000000E+00,-3.14159265E+00,-7.92869607E-01,+6.09391325E-01,+1.00000000E+00,+2.48629998E+00
+3.60000000E-01,+0.00000000E+00,-8.29015932E-01,+5.59224986E-01,+1.00000000E+00,+2.54814201E+00,-0.00000000E+00,-0.00000000E+00,+0.00000000E+00,-3.14159265E+00,-0.00000000E+00,-0.00000000E+00,+0.00000000E+00,-3.14159265E+00,-7.95364687E-01,+6.06131187E-01,+1.00000000E+00,+2.49040533E+00
+3.70000000E-01,+0.00000000E+00,-8.33094205E-01,+5.53131128E-01,+1.00000000E+00,+2.55547465E+00,-0.00000000E+00,-0.00000000E+00,+0.00000000E+00,-3.14159265E+00,-0.00000000E+00,-0.00000000E+00,+0.00000000E+00,-3.14159265E+00,-7.97930122E-01,+6.02749965E-01,+1.00000000E+00,+2.49464964E+00
+3.80000000E-01,+0.00000000E+00,-8.37238193E-01,+5.46838376E-01,+1.00000000E+00,+2.56300935E+00,-0.00000000E+00,-0.00000000E+00,+0.00000000E+00,-3.14159265E+00,-0.00000000E+00,-0.00000000E+00,+0.00000000E+00,-3.14159265E+00,-8.00565857E-01,+5.99244782E-01,+1.00000000E+00,+2.49903523E+00
+3.90000000E-01,+0.00000000E+00,-8.41443578E-01,+5.40344987E-01,+1.00000000E+00,+2.57074560E+00,-0.00000000E+00,-0.00000000E+00,+0.00000000E+00,-3.14159265E+00,-0.00000000E+00,-0.00000000E+00,+0.00000000E+00,-3.14159265E+00,-8.03271823E-01,+5.95612608E-01,+1.00000000E+00,+2.50356458E+00
+4.00000000E-01,+0.00000000E+00,-8.45705866E-01,+5.33649312E-01,+1.00000000E+00,+2.57868283E+00,-0.00000000E+00,-0.00000000E+00,+0.00000000E+00,-3.14159265E+00,-0.00000000E+00,-0.00000000E+00,+0.00000000E+00,-3.14159265E+00,-8.06047936E-01,+5.91850255E-01,+1.00000000E+00,+2.50824028E+00
+4.10000000E-01,+0.00000000E+00,-8.50020382E-01,+5.26749798E-01,+1.00000000E+00,+2.58682031E+00,-0.00000000E+00,-0.00000000E+00,+0.00000000E+00,-3.14159265E+00,-0.00000000E+00,-0.00000000E+00,+0.00000000E+00,-3.14159265E+00,-8.08894100E-01,+5.87954365E-01,+1.00000000E+00,+2.51306507E+00
+4.20000000E-01,+0.00000000E+00,-8.54382268E-01,+5.19645014E-01,+1.00000000E+00,+2.59515724E+00,-0.00000000E+00,-0.00000000E+00,+0.00000000E+00,-3.14159265E+00,-0.00000000E+00,-0.00000000E+00,+0.00000000E+00,-3.14159265E+00,-8.11810198E-01,+5.83921400E-01,+1.00000000E+00,+2.51804187E+00
+4.30000000E-01,+0.00000000E+00,-8.58786483E-01,+5.12333658E-01,+1.00000000E+00,+2.60369267E+00,-0.00000000E+00,-0.00000000E+00,+0.00000000E+00,-3.14159265E+00,-0.00000000E+00,-0.00000000E+00,+0.00000000E+00,-3.14159265E+00,-8.14796098E-01,+5.79747634E-01,+1.00000000E+00,+2.52317373E+00
+4.40000000E-01,+0.00000000E+00,-8.63227802E-01,+5.04814581E-01,+1.00000000E+00,+2.61242550E+00,-0.00000000E+00,-0.00000000E+00,+0.00000000E+00,-3.14159265E+00,-0.00000000E+00,-0.00000000E+00,+0.00000000E+00,-3.14159265E+00,-8.17851643E-01,+5.75429135E-01,+1.00000000E+00,+2.52846389E+00
+4.50000000E-01,+0.00000000E+00,-8.67700820E-01,+4.97086800E-01,+1.00000000E+00,+2.62135450E+00,-0.00000000E+00,-0.00000000E+00,+0.00000000E+00,-3.14159265E+00,-0.00000000E+00,-0.00000000E+00,+0.00000000E+00,-3.14159265E+00,-8.20976656E-01,+5.70961759E-01,+1.00000000E+00,+2.53391579E+00
+4.60000000E-01,+0.00000000E+00,-8.72199946E-01,+4.89149521E-01,+1.00000000E+00,+2.63047826E+00,-0.00000000E+00,-0.00000000E+00,+0.00000000E+00,-3.14159265E+00,-0.00000000E+00,-0.00000000E+00,+0.00000000E+00,-3.14159265E+00,-8.24170930E-01,+5.66341132E-01,+1.00000000E+00,+2.53953306E+00
+4.70000000E-01,+0.00000000E+00,-8.76719413E-01,+4.81002153E-01,+1.00000000E+00,+2.63979523E+00,-0.00000000E+00,-0.00000000E+00,+0.00000000E+00,-3.14159265E+00,-0.00000000E+00,-0.00000000E+00,+0.00000000E+00,-3.14159265E+00,-8.27434233E-01,+5.61562632E-01,+1.00000000E+00,+2.54531953E+00
+4.80000000E-01,+0.00000000E+00,-8.81253275E-01,+4.72644333E-01,+1.00000000E+00,+2.64930363E+00,-0.00000000E+00,-0.00000000E+00,+0.00000000E+00,-3.14159265E+00,-0.00000000E+00,-0.00000000E+00,+0.00000000E+00,-3.14159265E+00,-8.30766299E-01,+5.56621377E-01,+1.00000000E+00,+2.55127930E+00
+4.90000000E-01,+0.00000000E+00,-8.85795414E-01,+4.64075948E-01,+1.00000000E+00,+2.65900152E+00,-0.00000000E+00,-0.00000000E+00,+0.00000000E+00,-3.14159265E+00,-0.00000000E+00,-0.00000000E+00,+0.00000000E+00,-3.14159265E+00,-8.34166824E-01,+5.51512203E-01,+1.00000000E+00,+2.55741667E+00
+5.00000000E-01,+0.00000000E+00,-8.90339544E-01,+4.55297152E-01,+1.00000000E+00,+2.66888672E+00,-0.00000000E+00,-0.00000000E+00,+0.00000000E+00,-3.14159265E+00,-0.00000000E+00,-0.00000000E+00,+0.00000000E+00,-3.14159265E+00,-8.37635468E-01,+5.46229643E-01,+1.00000000E+00,+2.56373625E+00
+5.10000000E-01,+0.00000000E+00,-8.94879217E-01,+4.46308398E-01,+1.00000000E+00,+2.67895683E+00,-0.00000000E+00,-0.00000000E+00,+0.00000000E+00,-3.14159265E+00,-0.00000000E+00,-0.00000000E+00,+0.00000000E+00,-3.14159265E+00,-8.41171843E-01,+5.40767908E-01,+1.00000000E+00,+2.57024291E+00
+5.20000000E-01,+0.00000000E+00,-8.99407833E-01,+4.37110455E-01,+1.00000000E+00,+2.68920922E+00,-0.00000000E+00,-0.00000000E+00,+0.00000000E+00,-3.14159265E+00,-0.00000000E+00,-0.00000000E+00,+0.00000000E+00,-3.14159265E+00,-8.44775515E-01,+5.35120855E-01,+1.00000000E+00,+2.57694185E+00
+5.30000000E-01,+0.00000000E+00,-9.03918643E-01,+4.27704438E-01,+1.00000000E+00,+2.69964097E+00,-0.00000000E+00,-0.00000000E+00,+0.00000000E+00,-3.14159265E+00,-0.00000000E+00,-0.00000000E+00,+0.00000000E+00,-3.14159265E+00,-8.48445991E-01,+5.29281967E-01,+1.00000000E+00,+2.58383860E+00
+5.40000000E-01,+0.00000000E+00,-9.08404766E-01,+4.18091833E-01,+1.00000000E+00,+2.71024892E+00,-0.00000000E+00,-0.00000000E+00,+0.00000000E+00,-3.14159265E+00,-0.00000000E+00,-0.00000000E+00,+0.00000000E+00,-3.14159265E+00,-8.52182719E-01,+5.23244315E-01,+1.00000000E+00,+2.59093907E+00
+5.50000000E-01,+0.00000000E+00,-9.12859196E-01,+4.08274526E-01,+1.00000000E+00,+2.72102958E+00,-0.00000000E+00,-0.00000000E+00,+0.00000000E+00,-3.14159265E+00,-0.00000000E+00,-0.00000000E+00,+0.00000000E+00,-3.14159265E+00,-8.55985076E-01,+5.17000531E-01,+1.00000000E+00,+2.59824954E+00
+5.60000000E-01,+0.00000000E+00,-9.17274817E-01,+3.98254830E-01,+1.00000000E+00,+2.73197915E+00,-0.00000000E+00,-0.00000000E+00,+0.00000000E+00,-3.14159265E+00,-0.00000000E+00,-0.00000000E+00,+0.00000000E+00,-3.14159265E+00,-8.59852364E-01,+5.10542763E-01,+1.00000000E+00,+2.60577675E+00
+5.70000000E-01,+0.00000000E+00,-9.21644420E-01,+3.88035518E-01,+1.00000000E+00,+2.74309352E+00,-0.00000000E+00,-0.00000000E+00,+0.00000000E+00,-3.14159265E+00,-0.00000000E+00,-0.00000000E+00,+0.00000000E+00,-3.14159265E+00,-8.63783794E-01,+5.03862637E-01,+1.00000000E+00,+2.61352792E+00
+5.80000000E-01,+0.00000000E+00,-9.25960715E-01,+3.77619853E-01,+1.00000000E+00,+2.75436817E+00,-0.00000000E+00,-0.00000000E+00,+0.00000000E+00,-3.14159265E+00,-0.00000000E+00,-0.00000000E+00,+0.00000000E+00,-3.14159265E+00,-8.67778484E-01,+4.96951208E-01,+1.00000000E+00,+2.62151076E+00
+5.90000000E-01,+0.00000000E+00,-9.30216358E-01,+3.67011618E-01,+1.00000000E+00,+2.76579824E+00,-0.00000000E+00,-0.00000000E+00,+0.00000000E+00,-3.14159265E+00,-0.00000000E+00,-0.00000000E+00,+0.00000000E+00,-3.14159265E+00,-8.71835438E-01,+4.89798907E-01,+1.00000000E+00,+2.62973357E+00
+6.00000000E-01,+0.00000000E+00,-9.34403962E-01,+3.56215154E-01,+1.00000000E+00,+2.77737845E+00,-0.00000000E+00,-0.00000000E+00,+0.00000000E+00,-3.14159265E+00,-0.00000000E+00,-0.00000000E+00,+0.00000000E+00,-3.14159265E+00,-8.75953537E-01,+4.82395482E-01,+1.00000000E+00,+2.63820528E+00
+6.10000000E-01,+0.00000000E+00,-9.38516129E-01,+3.45235392E-01,+1.00000000E+00,+2.78910307E+00,-0.00000000E+00,-0.00000000E+00,+0.00000000E+00,-3.14159265E+00,-0.00000000E+00,-0.00000000E+00,+0.00000000E+00,-3.14159265E+00,-8.80131522E-01,+4.74729928E-01,+1.00000000E+00,+2.64693550E+00
+6.20000000E-01,+0.00000000E+00,-9.42545471E-01,+3.34077889E-01,+1.00000000E+00,+2.80096591E+00,-0.00000000E+00,-0.00000000E+00,+0.00000000E+00,-3.14159265E+00,-0.00000000E+00,-0.00000000E+00,+0.00000000E+00,-3.14159265E+00,-8.84367972E-01,+4.66790413E-01,+1.00000000E+00,+2.65593461E+00
+6.30000000E-01,+0.00000000E+00,-9.46484636E-01,+3.22748870E-01,+1.00000000E+00,+2.81296030E+00,-0.00000000E+00,-0.00000000E+00,+0.00000000E+00,-3.14159265E+00,-0.00000000E+00,-0.00000000E+00,+0.00000000E+00,-3.14159265E+00,-8.88661287E-01,+4.58564191E-01,+1.00000000E+00,+2.66521383E+00
+6.40000000E-01,+0.00000000E+00,-9.50326345E-01,+3.11255263E-01,+1.00000000E+00,+2.82507903E+00,-0.00000000E+00,-0.00000000E+00,+0.00000000E+00,-3.14159265E+00,-0.00000000E+00,-0.00000000E+00,+0.00000000E+00,-3.14159265E+00,-8.93009657E-01,+4.50037502E-01,+1.00000000E+00,+2.67478532E+00
+6.50000000E-01,+0.00000000E+00,-9.54063414E-01,+2.99604744E-01,+1.00000000E+00,+2.83731431E+00,-0.00000000E+00,-0.00000000E+00,+0.00000000E+00,-3.14159265E+00,-0.00000000E+00,-0.00000000E+00,+0.00000000E+00,-3.14159265E+00,-8.97411035E-01,+4.41195459E-01,+1.00000000E+00,+2.68466230E+00
+6.60000000E-01,+0.00000000E+00,-9.57688799E-01,+2.87805777E-01,+1.00000000E+00,+2.84965777E+00,-0.00000000E+00,-0.00000000E+00,+0.00000000E+00,-3.14159265E+00,-0.00000000E+00,-0.00000000E+00,+0.00000000E+00,-3.14159265E+00,-9.01863104E-01,+4.32021923E-01,+1.00000000E+00,+2.69485914E+00
+6.70000000E-01,+0.00000000E+00,-9.61195627E-01,+2.75867663E-01,+1.00000000E+00,+2.86210038E+00,-0.00000000E+00,-0.00000000E+00,+0.00000000E+00,-3.14159265E+00,-0.00000000E+00,-0.00000000E+00,+0.00000000E+00,-3.14159265E+00,-9.06363228E-01,+4.22499348E-01,+1.00000000E+00,+2.70539154E+00
+6.80000000E-01,+0.00000000E+00,-9.64577239E-01,+2.63800587E-01,+1.00000000E+00,+2.87463240E+00,-0.00000000E+00,-0.00000000E+00,+0.00000000E+00,-3.14159265E+00,-0.00000000E+00,-0.00000000E+00,+0.00000000E+00,-3.14159265E+00,-9.10908411E-01,+4.12608613E-01,+1.00000000E+00,+2.71627669E+00
+6.90000000E-01,+0.00000000E+00,-9.67827234E-01,+2.51615670E-01,+1.00000000E+00,+2.88724338E+00,-0.00000000E+00,-0.00000000E+00,+0.00000000E+00,-3.14159265E+00,-0.00000000E+00,-0.00000000E+00,+0.00000000E+00,-3.14159265E+00,-9.15495233E-01,+4.02328819E-01,+1.00000000E+00,+2.72753344E+00
+7.00000000E-01,+0.00000000E+00,-9.70939510E-01,+2.39325026E-01,+1.00000000E+00,+2.89992204E+00,-0.00000000E+00,-0.00000000E+00,+0.00000000E+00,-3.14159265E+00,-0.00000000E+00,-0.00000000E+00,+0.00000000E+00,-3.14159265E+00,-9.20119782E-01,+3.91637059E-01,+1.00000000E+00,+2.73918255E+00
+7.10000000E-01,+0.00000000E+00,-9.73908317E-01,+2.26941820E-01,+1.00000000E+00,+2.91265624E+00,-0.00000000E+00,-0.00000000E+00,+0.00000000E+00,-3.14159265E+00,-0.00000000E+00,-0.00000000E+00,+0.00000000E+00,-3.14159265E+00,-9.24777570E-01,+3.80508143E-01,+1.00000000E+00,+2.75124694E+00
+7.20000000E-01,+0.00000000E+00,-9.76728308E-01,+2.14480331E-01,+1.00000000E+00,+2.92543291E+00,-0.00000000E+00,-0.00000000E+00,+0.00000000E+00,-3.14159265E+00,-0.00000000E+00,-0.00000000E+00,+0.00000000E+00,-3.14159265E+00,-9.29463425E-01,+3.68914273E-01,+1.00000000E+00,+2.76375203E+00
+7.30000000E-01,+0.00000000E+00,-9.79394589E-01,+2.01956031E-01,+1.00000000E+00,+2.93823796E+00,-0.00000000E+00,-0.00000000E+00,+0.00000000E+00,-3.14159265E+00,-0.00000000E+00,-0.00000000E+00,+0.00000000E+00,-3.14159265E+00,-9.34171375E-01,+3.56824666E-01,+1.00000000E+00,+2.77672607E+00
+7.40000000E-01,+0.00000000E+00,-9.81902781E-01,+1.89385659E-01,+1.00000000E+00,+2.95105621E+00,-0.00000000E+00,-0.00000000E+00,+0.00000000E+00,-3.14159265E+00,-0.00000000E+00,-0.00000000E+00,+0.00000000E+00,-3.14159265E+00,-9.38894485E-01,+3.44205092E-01,+1.00000000E+00,+2.79020064E+00
+7.50000000E-01,+0.00000000E+00,-9.84249078E-01,+1.76787310E-01,+1.00000000E+00,+2.96387127E+00,-0.00000000E+00,-0.00000000E+00,+0.00000000E+00,-3.14159265E+00,-0.00000000E+00,-0.00000000E+00,+0.00000000E+00,-3.14159265E+00,-9.43624675E-01,+3.31017330E-01,+1.00000000E+00,+2.80421117E+00
+7.60000000E-01,+0.00000000E+00,-9.86430306E-01,+1.64180543E-01,+1.00000000E+00,+2.97666543E+00,-0.00000000E+00,-0.00000000E+00,+0.00000000E+00,-3.14159265E+00,-0.00000000E+00,-0.00000000E+00,+0.00000000E+00,-3.14159265E+00,-9.48352476E-01,+3.17218506E-01,+1.00000000E+00,+2.81879759E+00
+7.70000000E-01,+0.00000000E+00,-9.88443998E-01,+1.51586488E-01,+1.00000000E+00,+2.98941954E+00,-0.00000000E+00,-0.00000000E+00,+0.00000000E+00,-3.14159265E+00,-0.00000000E+00,-0.00000000E+00,+0.00000000E+00,-3.14159265E+00,-9.53066740E-01,+3.02760285E-01,+1.00000000E+00,+2.83400511E+00
+7.80000000E-01,+0.00000000E+00,-9.90288452E-01,+1.39027989E-01,+1.00000000E+00,+3.00211285E+00,-0.00000000E+00,-0.00000000E+00,+0.00000000E+00,-3.14159265E+00,-0.00000000E+00,-0.00000000E+00,+0.00000000E+00,-3.14159265E+00,-9.57754253E-01,+2.87587884E-01,+1.00000000E+00,+2.84988528E+00
+7.90000000E-01,+0.00000000E+00,-9.91962812E-01,+1.26529760E-01,+1.00000000E+00,+3.01472282E+00,-0.00000000E+00,-0.00000000E+00,+0.00000000E+00,-3.14159265E+00,-0.00000000E+00,-0.00000000E+00,+0.00000000E+00,-3.14159265E+00,-9.62399261E-01,+2.71638844E-01,+1.00000000E+00,+2.86649716E+00
+8.00000000E-01,+0.00000000E+00,-9.93467137E-01,+1.14118568E-01,+1.00000000E+00,+3.02722493E+00,-0.00000000E+00,-0.00000000E+00,+0.00000000E+00,-3.14159265E+00,-0.00000000E+00,-0.00000000E+00,+0.00000000E+00,-3.14159265E+00,-9.66982838E-01,+2.54841500E-01,+1.00000000E+00,+2.88390887E+00
+8.10000000E-01,+0.00000000E+00,-9.94802484E-01,+1.01823466E-01,+1.00000000E+00,+3.03959241E+00,-0.00000000E+00,-0.00000000E+00,+0.00000000E+00,-3.14159265E+00,-0.00000000E+00,-0.00000000E+00,+0.00000000E+00,-3.14159265E+00,-9.71482066E-01,+2.37113045E-01,+1.00000000E+00,+2.90219959E+00
+8.20000000E-01,+0.00000000E+00,-9.95970986E-01,+8.96760600E-02,+1.00000000E+00,+3.05179596E+00,-0.00000000E+00,-0.00000000E+00,+0.00000000E+00,-3.14159265E+00,-0.00000000E+00,-0.00000000E+00,+0.00000000E+00,-3.14159265E+00,-9.75868944E-01,+2.18357056E-01,+1.00000000E+00,+2.92146207E+00
+8.30000000E-01,+0.00000000E+00,-9.96975940E-01,+7.77108440E-02,+1.00000000E+00,+3.06380338E+00,-0.00000000E+00,-0.00000000E+00,+0.00000000E+00,-3.14159265E+00,-0.00000000E+00,-0.00000000E+00,+0.00000000E+00,-3.14159265E+00,-9.80108928E-01,+1.98460299E-01,+1.00000000E+00,+2.94180593E+00
+8.40000000E-01,+0.00000000E+00,-9.97821897E-01,+6.59656184E-02,+1.00000000E+00,+3.07557910E+00,-0.00000000E+00,-0.00000000E+00,+0.00000000E+00,-3.14159265E+00,-0.00000000E+00,-0.00000000E+00,+0.00000000E+00,-3.14159265E+00,-9.84158918E-01,+1.77288535E-01,+1.00000000E+00,+2.96336200E+00
+8.50000000E-01,+0.00000000E+00,-9.98514752E-01,+5.44820109E-02,+1.00000000E+00,+3.08708365E+00,-0.00000000E+00,-0.00000000E+00,+0.00000000E+00,-3.14159265E+00,-0.00000000E+00,-0.00000000E+00,+0.00000000E+00,-3.14159265E+00,-9.87964476E-01,+1.54680940E-01,+1.00000000E+00,+2.98628816E+00
+8.60000000E-01,+0.00000000E+00,-9.99061849E-01,+4.33061438E-02,+1.00000000E+00,+3.09827296E+00,-0.00000000E+00,-0.00000000E+00,+0.00000000E+00,-3.14159265E+00,-0.00000000E+00,-0.00000000E+00,+0.00000000E+00,-3.14159265E+00,-9.91455869E-01,+1.30442551E-01,+1.00000000E+00,+3.01077732E+00
+8.70000000E-01,+0.00000000E+00,-9.99472077E-01,+3.24894976E-02,+1.00000000E+00,+3.10909744E+00,-0.00000000E+00,-0.00000000E+00,+0.00000000E+00,-3.14159265E+00,-0.00000000E+00,-0.00000000E+00,+0.00000000E+00,-3.14159265E+00,-9.94542332E-01,+1.04333841E-01,+1.00000000E+00,+3.03706859E+00
+8.80000000E-01,+0.00000000E+00,-9.99755985E-01,+2.20900499E-02,+1.00000000E+00,+3.11950081E+00,-0.00000000E+00,-0.00000000E+00,+0.00000000E+00,-3.14159265E+00,-0.00000000E+00,-0.00000000E+00,+0.00000000E+00,-3.14159265E+00,-9.97103545E-01,+7.60560306E-02,+1.00000000E+00,+3.06546311E+00
+8.90000000E-01,+0.00000000E+00,-9.99925896E-01,+1.21738060E-02,+1.00000000E+00,+3.12941855E+00,-0.00000000E+00,-0.00000000E+00,+0.00000000E+00,-3.14159265E+00,-0.00000000E+00,-0.00000000E+00,+0.00000000E+00,-3.14159265E+00,-9.98976606E-01,+4.52298693E-02,+1.00000000E+00,+3.09634735E+00
+9.00000000E-01,+0.00000000E+00,-9.99996033E-01,+2.81690571E-03,+1.00000000E+00,+3.13877574E+00,-0.00000000E+00,-0.00000000E+00,+0.00000000E+00,-3.14159265E+00,-0.00000000E+00,-0.00000000E+00,+0.00000000E+00,-3.14159265E+00,-9.99935426E-01,+1.13641230E-02,+1.00000000E+00,+3.13022829E+00
+9.10000000E-01,+0.00000000E+00,-9.99982646E-01,-5.89139512E-03,+1.00000000E+00,-3.13570122E+00,-0.00000000E+00,-0.00000000E+00,+0.00000000E+00,-3.14159265E+00,-0.00000000E+00,-0.00000000E+00,+0.00000000E+00,-3.14159265E+00,-9.99656910E-01,-2.61927808E-02,+1.00000000E+00,-3.11539688E+00
+9.20000000E-01,+0.00000000E+00,-9.99904162E-01,-1.38443622E-02,+1.00000000E+00,-3.12774785E+00,-0.00000000E+00,-0.00000000E+00,+0.00000000E+00,-3.14159265E+00,-0.00000000E+00,-0.00000000E+00,+0.00000000E+00,-3.14159265E+00,-9.97662785E-01,-6.83298403E-02,+1.00000000E+00,-3.07320953E+00
+9.30000000E-01,+0.00000000E+00,-9.99781338E-01,-2.09111302E-02,+1.00000000E+00,-3.12068000E+00,-0.00000000E+00,-0.00000000E+00,+0.00000000E+00,-3.14159265E+00,-0.00000000E+00,-0.00000000E+00,+0.00000000E+00,-3.14159265E+00,-9.93213884E-01,-1.16302108E-01,+1.00000000E+00,-3.02502675E+00
+9.40000000E-01,+0.00000000E+00,-9.99637429E-01,-2.69260157E-02,+1.00000000E+00,-3.11466338E+00,-0.00000000E+00,-0.00000000E+00,+0.00000000E+00,-3.14159265E+00,-0.00000000E+00,-0.00000000E+00,+0.00000000E+00,-3.14159265E+00,-9.85104367E-01,-1.71957511E-01,+1.00000000E+00,-2.96877622E+00
+9.50000000E-01,+0.00000000E+00,-9.99498375E-01,-3.16701567E-02,+1.00000000E+00,-3.10991720E+00,-0.00000000E+00,-0.00000000E+00,+0.00000000E+00,-3.14159265E+00,-0.00000000E+00,-0.00000000E+00,+0.00000000E+00,-3.14159265E+00,-9.71224698E-01,-2.38165038E-01,+1.00000000E+00,-2.90111657E+00
+9.60000000E-01,+0.00000000E+00,-9.99393008E-01,-3.48369918E-02,+1.00000000E+00,-3.10674861E+00,-0.00000000E+00,-0.00000000E+00,+0.00000000E+00,-3.14159265E+00,-0.00000000E+00,-0.00000000E+00,+0.00000000E+00,-3.14159265E+00,-9.47520340E-01,-3.19695489E-01,+1.00000000E+00,-2.81618456E+00
+9.70000000E-01,+0.00000000E+00,-9.99353283E-01,-3.59585393E-02,+1.00000000E+00,-3.10562636E+00,-0.00000000E+00,-0.00000000E+00,+0.00000000E+00,-3.14159265E+00,-0.00000000E+00,-0.00000000E+00,+0.00000000E+00,-3.14159265E+00,-9.05079418E-01,-4.25242575E-01,+1.00000000E+00,-2.70236277E+00
+9.80000000E-01,+0.00000000E+00,-9.99414534E-01,-3.42138712E-02,+1.00000000E+00,-3.10737210E+00,-0.00000000E+00,-0.00000000E+00,+0.00000000E+00,-3.14159265E+00,-0.00000000E+00,-0.00000000E+00,+0.00000000E+00,-3.14159265E+00,-8.19750487E-01,-5.72720821E-01,+1.00000000E+00,-2.53177155E+00
+9.90000000E-01,+0.00000000E+00,-9.99615770E-01,-2.77184660E-02,+1.00000000E+00,-3.11387064E+00,-0.00000000E+00,-0.00000000E+00,+0.00000000E+00,-3.14159265E+00,-0.00000000E+00,-0.00000000E+00,+0.00000000E+00,-3.14159265E+00,-5.95246781E-01,-8.03542948E-01,+1.00000000E+00,-2.20836906E+00
+1.00000000E+00,+0.00000000E+00,-1.00000000E+00,+0.00000000E+00,+1.00000000E+00,+3.14159265E+00,+0.00000000E+00,+0.00000000E+00,+0.00000000E+00,+0.00000000E+00,+0.00000000E+00,+0.00000000E+00,+0.00000000E+00,+0.00000000E+00,+1.00000000E+00,+0.00000000E+00,+1.00000000E+00,+0.00000000E+00
+1.01000000E+00,+0.00000000E+00,-1.03568054E+00,+3.02736384E-19,+1.03568054E+00,+3.14159265E+00,-0.00000000E+00,-0.00000000E+00,+0.00000000E+00,-3.14159265E+00,-0.00000000E+00,-0.00000000E+00,+0.00000000E+00,-3.14159265E+00,-2.33501120E-01,+1.91886858E-18,+2.33501120E-01,+3.14159265E+00
+1.02000000E+00,+0.00000000E+00,-1.05652074E+00,+4.47592323E-19,+1.05652074E+00,+3.14159265E+00,-0.00000000E+00,-0.00000000E+00,+0.00000000E+00,-3.14159265E+00,-0.00000000E+00,-0.00000000E+00,+0.00000000E+00,-3.14159265E+00,-3.50294813E-01,+1.62847024E-18,+3.50294813E-01,+3.14159265E+00
+1.03000000E+00,+0.00000000E+00,-1.07695160E+00,+5.72588180E-19,+1.07695160E+00,+3.14159265E+00,-0.00000000E+00,-0.00000000E+00,+0.00000000E+00,-3.14159265E+00,-0.00000000E+00,-0.00000000E+00,+0.00000000E+00,-3.14159265E+00,-4.01501638E-01,+1.43406050E-18,+4.01501638E-01,+3.14159265E+00
+1.04000000E+00,+0.00000000E+00,-1.09819664E+00,+6.90797769E-19,+1.09819664E+00,+3.14159265E+00,-0.00000000E+00,-0.00000000E+00,+0.00000000E+00,-3.14159265E+00,-0.00000000E+00,-0.00000000E+00,+0.00000000E+00,-3.14159265E+00,-4.29089376E-01,+1.29229795E-18,+4.29089376E-01,+3.14159265E+00
+1.05000000E+00,+0.00000000E+00,-1.12074986E+00,+8.07540568E-19,+1.12074986E+00,+3.14159265E+00,-0.00000000E+00,-0.00000000E+00,+0.00000000E+00,-3.14159265E+00,-0.00000000E+00,-0.00000000E+00,+0.00000000E+00,-3.14159265E+00,-4.45183635E-01,+1.18248459E-18,+4.45183635E-01,+3.14159265E+00
+1.06000000E+00,+0.00000000E+00,-1.14490992E+00,+9.25845582E-19,+1.14490992E+00,+3.14159265E+00,-0.00000000E+00,-0.00000000E+00,+0.00000000E+00,-3.14159265E+00,-0.00000000E+00,-0.00000000E+00,+0.00000000E+00,-3.14159265E+00,-4.54776311E-01,+1.09379775E-18,+4.54776311E-01,+3.14159265E+00
+1.07000000E+00,+0.00000000E+00,-1.17090920E+00,+1.04783747E-18,+1.17090920E+00,+3.14159265E+00,-0.00000000E+00,-0.00000000E+00,+0.00000000E+00,-3.14159265E+00,-0.00000000E+00,-0.00000000E+00,+0.00000000E+00,-3.14159265E+00,-4.60338299E-01,+1.01996829E-18,+4.60338299E-01,+3.14159265E+00
+1.08000000E+00,+0.00000000E+00,-1.19895987E+00,+1.17524951E-18,+1.19895987E+00,+3.14159265E+00,-0.00000000E+00,-0.00000000E+00,+0.00000000E+00,-3.14159265E+00,-0.00000000E+00,-0.00000000E+00,+0.00000000E+00,-3.14159265E+00,-4.63242870E-01,+9.57073260E-19,+4.63242870E-01,+3.14159265E+00
+1.09000000E+00,+0.00000000E+00,-1.22927492E+00,+1.30966287E-18,+1.22927492E+00,+3.14159265E+00,-0.00000000E+00,-0.00000000E+00,+0.00000000E+00,-3.14159265E+00,-0.00000000E+00,-0.00000000E+00,+0.00000000E+00,-3.14159265E+00,-4.64317039E-01,+9.02510263E-19,+4.64317039E-01,+3.14159265E+00
+1.10000000E+00,+0.00000000E+00,-1.26208025E+00,+1.45264150E-18,+1.26208025E+00,+3.14159265E+00,-0.00000000E+00,-0.00000000E+00,+0.00000000E+00,-3.14159265E+00,-0.00000000E+00,-0.00000000E+00,+0.00000000E+00,-3.14159265E+00,-4.64089159E-01,+8.54472772E-19,+4.64089159E-01,+3.14159265E+00
+1.11000000E+00,+0.00000000E+00,-1.29762314E+00,+1.60582328E-18,+1.29762314E+00,+3.14159265E+00,-0.00000000E+00,-0.00000000E+00,+0.00000000E+00,-3.14159265E+00,-0.00000000E+00,-0.00000000E+00,+0.00000000E+00,-3.14159265E+00,-4.62912427E-01,+8.11660523E-19,+4.62912427E-01,+3.14159265E+00
+1.12000000E+00,+0.00000000E+00,-1.33617963E+00,+1.77099375E-18,+1.33617963E+00,+3.14159265E+00,-0.00000000E+00,-0.00000000E+00,+0.00000000E+00,-3.14159265E+00,-0.00000000E+00,-0.00000000E+00,+0.00000000E+00,-3.14159265E+00,-4.61031572E-01,+7.73109593E-19,+4.61031572E-01,+3.14159265E+00
+1.13000000E+00,+0.00000000E+00,-1.37806176E+00,+1.95015566E-18,+1.37806176E+00,+3.14159265E+00,-0.00000000E+00,-0.00000000E+00,+0.00000000E+00,-3.14159265E+00,-0.00000000E+00,-0.00000000E+00,+0.00000000E+00,-3.14159265E+00,-4.58621163E-01,+7.38087646E-19,+4.58621163E-01,+3.14159265E+00
+1.14000000E+00,+0.00000000E+00,-1.42362562E+00,+2.14560299E-18,+1.42362562E+00,+3.14159265E+00,-0.00000000E+00,-0.00000000E+00,+0.00000000E+00,-3.14159265E+00,-0.00000000E+00,-0.00000000E+00,+0.00000000E+00,-3.14159265E+00,-4.55808735E-01,+7.06026646E-19,+4.55808735E-01,+3.14159265E+00
+1.15000000E+00,+0.00000000E+00,-1.47328061E+00,+2.36000610E-18,+1.47328061E+00,+3.14159265E+00,-0.00000000E+00,-0.00000000E+00,+0.00000000E+00,-3.14159265E+00,-0.00000000E+00,-0.00000000E+00,+0.00000000E+00,-3.14159265E+00,-4.52689348E-01,+6.76478115E-19,+4.52689348E-01,+3.14159265E+00
+1.16000000E+00,+0.00000000E+00,-1.52750067E+00,+2.59651501E-18,+1.52750067E+00,+3.14159265E+00,-0.00000000E+00,-0.00000000E+00,+0.00000000E+00,-3.14159265E+00,-0.00000000E+00,-0.00000000E+00,+0.00000000E+00,-3.14159265E+00,-4.49335062E-01,+6.49082501E-19,+4.49335062E-01,+3.14159265E+00
+1.17000000E+00,+0.00000000E+00,-1.58683795E+00,+2.85888862E-18,+1.58683795E+00,+3.14159265E+00,-0.00000000E+00,-0.00000000E+00,+0.00000000E+00,-3.14159265E+00,-0.00000000E+00,-0.00000000E+00,+0.00000000E+00,-3.14159265E+00,-4.45801293E-01,+6.23547648E-19,+4.45801293E-01,+3.14159265E+00
+1.18000000E+00,+0.00000000E+00,-1.65193998E+00,+3.15166051E-18,+1.65193998E+00,+3.14159265E+00,-0.00000000E+00,-0.00000000E+00,+0.00000000E+00,-3.14159265E+00,-0.00000000E+00,-0.00000000E+00,+0.00000000E+00,-3.14159265E+00,-4.42131188E-01,+5.99633349E-19,+4.42131188E-01,+3.14159265E+00
+1.19000000E+00,+0.00000000E+00,-1.72357137E+00,+3.48035535E-18,+1.72357137E+00,+3.14159265E+00,-0.00000000E+00,-0.00000000E+00,+0.00000000E+00,-3.14159265E+00,-0.00000000E+00,-0.00000000E+00,+0.00000000E+00,-3.14159265E+00,-4.38358702E-01,+5.77140024E-19,+4.38358702E-01,+3.14159265E+00
+1.20000000E+00,+0.00000000E+00,-1.80264156E+00,+3.85177596E-18,+1.80264156E+00,+3.14159265E+00,-0.00000000E+00,-0.00000000E+00,+0.00000000E+00,-3.14159265E+00,-0.00000000E+00,-0.00000000E+00,+0.00000000E+00,-3.14159265E+00,-4.34510796E-01,+5.55900286E-19,+4.34510796E-01,+3.14159265E+00
+1.21000000E+00,+0.00000000E+00,-1.89024078E+00,+4.27438983E-18,+1.89024078E+00,+3.14159265E+00,-0.00000000E+00,-0.00000000E+00,+0.00000000E+00,-3.14159265E+00,-0.00000000E+00,-0.00000000E+00,+0.00000000E+00,-3.14159265E+00,-4.30609052E-01,+5.35772559E-19,+4.30609052E-01,+3.14159265E+00
+1.22000000E+00,+0.00000000E+00,-1.98768731E+00,+4.75885755E-18,+1.98768731E+00,+3.14159265E+00,-0.00000000E+00,-0.00000000E+00,+0.00000000E+00,-3.14159265E+00,-0.00000000E+00,-0.00000000E+00,+0.00000000E+00,-3.14159265E+00,-4.26670859E-01,+5.16636187E-19,+4.26670859E-01,+3.14159265E+00
+1.23000000E+00,+0.00000000E+00,-2.09659021E+00,+5.31876682E-18,+2.09659021E+00,+3.14159265E+00,-0.00000000E+00,-0.00000000E+00,+0.00000000E+00,-3.14159265E+00,-0.00000000E+00,-0.00000000E+00,+0.00000000E+00,-3.14159265E+00,-4.22710312E-01,+4.98387621E-19,+4.22710312E-01,+3.14159265E+00
+1.24000000E+00,+0.00000000E+00,-2.21893407E+00,+5.97166981E-18,+2.21893407E+00,+3.14159265E+00,-0.00000000E+00,-0.00000000E+00,+0.00000000E+00,-3.14159265E+00,-0.00000000E+00,-0.00000000E+00,+0.00000000E+00,-3.14159265E+00,-4.18738886E-01,+4.80937440E-19,+4.18738886E-01,+3.14159265E+00
+1.25000000E+00,+0.00000000E+00,-2.35719506E+00,+6.74057710E-18,+2.35719506E+00,+3.14159265E+00,-0.00000000E+00,-0.00000000E+00,+0.00000000E+00,-3.14159265E+00,-0.00000000E+00,-0.00000000E+00,+0.00000000E+00,-3.14159265E+00,-4.14765962E-01,+4.64207968E-19,+4.14765962E-01,+3.14159265E+00
+1.26000000E+00,+0.00000000E+00,-2.51450310E+00,+7.65615428E-18,+2.51450310E+00,+3.14159265E+00,-0.00000000E+00,-0.00000000E+00,+0.00000000E+00,-3.14159265E+00,-0.00000000E+00,-0.00000000E+00,+0.00000000E+00,-3.14159265E+00,-4.10799232E-01,+4.48131378E-19,+4.10799232E-01,+3.14159265E+00
+1.27000000E+00,+0.00000000E+00,-2.69487241E+00,+8.76002806E-18,+2.69487241E+00,+3.14159265E+00,-0.00000000E+00,-0.00000000E+00,+0.00000000E+00,-3.14159265E+00,-0.00000000E+00,-0.00000000E+00,+0.00000000E+00,-3.14159265E+00,-4.06845018E-01,+4.32648148E-19,+4.06845018E-01,+3.14159265E+00
+1.28000000E+00,+0.00000000E+00,-2.90353742E+00,+1.01098942E-17,+2.90353742E+00,+3.14159265E+00,-0.00000000E+00,-0.00000000E+00,+0.00000000E+00,-3.14159265E+00,-0.00000000E+00,-0.00000000E+00,+0.00000000E+00,-3.14159265E+00,-4.02908520E-01,+4.17705813E-19,+4.02908520E-01,+3.14159265E+00
+1.29000000E+00,+0.00000000E+00,-3.14745406E+00,+1.17876480E-17,+3.14745406E+00,+3.14159265E+00,-0.00000000E+00,-0.00000000E+00,+0.00000000E+00,-3.14159265E+00,-0.00000000E+00,-0.00000000E+00,+0.00000000E+00,-3.14159265E+00,-3.98994020E-01,+4.03257929E-19,+3.98994020E-01,+3.14159265E+00
+1.30000000E+00,+0.00000000E+00,-3.43607058E+00,+1.39127763E-17,+3.43607058E+00,+3.14159265E+00,-0.00000000E+00,-0.00000000E+00,+0.00000000E+00,-3.14159265E+00,-0.00000000E+00,-0.00000000E+00,+0.00000000E+00,-3.14159265E+00,-3.95105039E-01,+3.89263222E-19,+3.95105039E-01,+3.14159265E+00
+1.31000000E+00,+0.00000000E+00,-3.78255306E+00,+1.66653090E-17,+3.78255306E+00,+3.14159265E+00,-0.00000000E+00,-0.00000000E+00,+0.00000000E+00,-3.14159265E+00,-0.00000000E+00,-0.00000000E+00,+0.00000000E+00,-3.14159265E+00,-3.91244472E-01,+3.75684884E-19,+3.91244472E-01,+3.14159265E+00
+1.32000000E+00,+0.00000000E+00,-4.20581324E+00,+2.03270327E-17,+4.20581324E+00,+3.14159265E+00,-0.00000000E+00,-0.00000000E+00,+0.00000000E+00,-3.14159265E+00,-0.00000000E+00,-0.00000000E+00,+0.00000000E+00,-3.14159265E+00,-3.87414687E-01,+3.62489973E-19,+3.87414687E-01,+3.14159265E+00
+1.33000000E+00,+0.00000000E+00,-4.73402579E+00,+2.53597346E-17,+4.73402579E+00,+3.14159265E+00,-0.00000000E+00,-0.00000000E+00,+0.00000000E+00,-3.14159265E+00,-0.00000000E+00,-0.00000000E+00,+0.00000000E+00,-3.14159265E+00,-3.83617616E-01,+3.49648915E-19,+3.83617616E-01,+3.14159265E+00
+1.34000000E+00,+0.00000000E+00,-5.41109020E+00,+3.25641618E-17,+5.41109020E+00,+3.14159265E+00,-0.00000000E+00,-0.00000000E+00,+0.00000000E+00,-3.14159265E+00,-0.00000000E+00,-0.00000000E+00,+0.00000000E+00,-3.14159265E+00,-3.79854823E-01,+3.37135082E-19,+3.79854823E-01,+3.14159265E+00
+1.35000000E+00,+0.00000000E+00,-6.30937899E+00,+4.34313738E-17,+6.30937899E+00,+3.14159265E+00,-0.00000000E+00,-0.00000000E+00,+0.00000000E+00,-3.14159265E+00,-0.00000000E+00,-0.00000000E+00,+0.00000000E+00,-3.14159265E+00,-3.76127565E-01,+3.24924431E-19,+3.76127565E-01,+3.14159265E+00
+1.36000000E+00,+0.00000000E+00,-7.55728834E+00,+6.10081460E-17,+7.55728834E+00,+3.14159265E+00,-0.00000000E+00,-0.00000000E+00,+0.00000000E+00,-3.14159265E+00,-0.00000000E+00,-0.00000000E+00,+0.00000000E+00,-3.14159265E+00,-3.72436837E-01,+3.12995195E-19,+3.72436837E-01,+3.14159265E+00
+1.37000000E+00,+0.00000000E+00,-9.40645449E+00,+9.23608359E-17,+9.40645449E+00,+3.14159265E+00,-0.00000000E+00,-0.00000000E+00,+0.00000000E+00,-3.14159265E+00,-0.00000000E+00,-0.00000000E+00,+0.00000000E+00,-3.14159265E+00,-3.68783416E-01,+3.01327622E-19,+3.68783416E-01,+3.14159265E+00
+1.38000000E+00,+0.00000000E+00,-1.24262981E+01,+1.57195314E-16,+1.24262981E+01,+3.14159265E+00,-0.00000000E+00,-0.00000000E+00,+0.00000000E+00,-3.14159265E+00,-0.00000000E+00,-0.00000000E+00,+0.00000000E+00,-3.14159265E+00,-3.65167893E-01,+2.89903742E-19,+3.65167893E-01,+3.14159265E+00
+1.39000000E+00,+0.00000000E+00,-1.82371239E+01,+3.29541721E-16,+1.82371239E+01,+3.14159265E+00,-0.00000000E+00,-0.00000000E+00,+0.00000000E+00,-3.14159265E+00,-0.00000000E+00,-0.00000000E+00,+0.00000000E+00,-3.14159265E+00,-3.61590700E-01,+2.78707176E-19,+3.61590700E-01,+3.14159265E+00
+1.40000000E+00,+0.00000000E+00,-3.40110731E+01,+1.11321414E-15,+3.40110731E+01,+3.14159265E+00,-0.00000000E+00,-0.00000000E+00,+0.00000000E+00,-3.14159265E+00,-0.00000000E+00,-0.00000000E+00,+0.00000000E+00,-3.14159265E+00,-3.58052138E-01,+2.67722959E-19,+3.58052138E-01,+3.14159265E+00
+1.41000000E+00,+0.00000000E+00,-2.38295662E+02,+5.29641099E-14,+2.38295662E+02,+3.14159265E+00,-0.00000000E+00,-0.00000000E+00,+0.00000000E+00,-3.14159265E+00,-0.00000000E+00,-0.00000000E+00,+0.00000000E+00,-3.14159265E+00,-3.54552392E-01,+2.56937394E-19,+3.54552392E-01,+3.14159265E+00
+1.42000000E+00,+0.00000000E+00,+4.81465218E+01,+2.09087727E-15,+4.81465218E+01,+4.34273795E-17,-0.00000000E+00,-0.00000000E+00,+0.00000000E+00,-3.14159265E+00,-0.00000000E+00,-0.00000000E+00,+0.00000000E+00,-3.14159265E+00,-3.51091550E-01,+2.46337923E-19,+3.51091550E-01,+3.14159265E+00
+1.43000000E+00,+0.00000000E+00,+2.19857641E+01,+4.20658633E-16,+2.19857641E+01,+1.91332278E-17,-0.00000000E+00,-0.00000000E+00,+0.00000000E+00,-3.14159265E+00,-0.00000000E+00,-0.00000000E+00,+0.00000000E+00,-3.14159265E+00,-3.47669622E-01,+2.35913006E-19,+3.47669622E-01,+3.14159265E+00
+1.44000000E+00,+0.00000000E+00,+1.42992766E+01,+1.71267562E-16,+1.42992766E+01,+1.19773585E-17,-0.00000000E+00,-0.00000000E+00,+0.00000000E+00,-3.14159265E+00,-0.00000000E+00,-0.00000000E+00,+0.00000000E+00,-3.14159265E+00,-3.44286543E-01,+2.25652027E-19,+3.44286543E-01,+3.14159265E+00
+1.45000000E+00,+0.00000000E+00,+1.06261216E+01,+9.08018314E-17,+1.06261216E+01,+8.54515270E-18,-0.00000000E+00,-0.00000000E+00,+0.00000000E+00,-3.14159265E+00,-0.00000000E+00,-0.00000000E+00,+0.00000000E+00,-3.14159265E+00,-3.40942192E-01,+2.15545202E-19,+3.40942192E-01,+3.14159265E+00
+1.46000000E+00,+0.00000000E+00,+8.47485557E+00,+5.53020611E-17,+8.47485557E+00,+6.52542815E-18,-0.00000000E+00,-0.00000000E+00,+0.00000000E+00,-3.14159265E+00,-0.00000000E+00,-0.00000000E+00,+0.00000000E+00,-3.14159265E+00,-3.37636398E-01,+2.05583499E-19,+3.37636398E-01,+3.14159265E+00
+1.47000000E+00,+0.00000000E+00,+7.06266960E+00,+3.66694327E-17,+7.06266960E+00,+5.19200738E-18,-0.00000000E+00,-0.00000000E+00,+0.00000000E+00,-3.14159265E+00,-0.00000000E+00,-0.00000000E+00,+0.00000000E+00,-3.14159265E+00,-3.34368946E-01,+1.95758572E-19,+3.34368946E-01,+3.14159265E+00
+1.48000000E+00,+0.00000000E+00,+6.06503416E+00,+2.57389928E-17,+6.06503416E+00,+4.24383311E-18,-0.00000000E+00,-0.00000000E+00,+0.00000000E+00,-3.14159265E+00,-0.00000000E+00,-0.00000000E+00,+0.00000000E+00,-3.14159265E+00,-3.31139587E-01,+1.86062693E-19,+3.31139587E-01,+3.14159265E+00
+1.49000000E+00,+0.00000000E+00,+5.32315299E+00,+1.88098355E-17,+5.32315299E+00,+3.53358913E-18,-0.00000000E+00,-0.00000000E+00,+0.00000000E+00,-3.14159265E+00,-0.00000000E+00,-0.00000000E+00,+0.00000000E+00,-3.14159265E+00,-3.27948040E-01,+1.76488702E-19,+3.27948040E-01,+3.14159265E+00
+1.50000000E+00,+0.00000000E+00,+4.75014395E+00,+1.41586098E-17,+4.75014395E+00,+2.98066963E-18,-0.00000000E+00,-0.00000000E+00,+0.00000000E+00,-3.14159265E+00,-0.00000000E+00,-0.00000000E+00,+0.00000000E+00,-3.14159265E+00,-3.24794001E-01,+1.67029955E-19,+3.24794001E-01,+3.14159265E+00
+1.51000000E+00,+0.00000000E+00,+4.29446978E+00,+1.08961690E-17,+4.29446978E+00,+2.53725595E-18,-0.00000000E+00,-0.00000000E+00,+0.00000000E+00,-3.14159265E+00,-0.00000000E+00,-0.00000000E+00,+0.00000000E+00,-3.14159265E+00,-3.21677143E-01,+1.57680278E-19,+3.21677143E-01,+3.14159265E+00
+1.52000000E+00,+0.00000000E+00,+3.92362394E+00,+8.52675225E-18,+3.92362394E+00,+2.17318285E-18,-0.00000000E+00,-0.00000000E+00,+0.00000000E+00,-3.14159265E+00,-0.00000000E+00,-0.00000000E+00,+0.00000000E+00,-3.14159265E+00,-3.18597123E-01,+1.48433932E-19,+3.18597123E-01,+3.14159265E+00
+1.53000000E+00,+0.00000000E+00,+3.61608899E+00,+6.75658556E-18,+3.61608899E+00,+1.86847879E-18,-0.00000000E+00,-0.00000000E+00,+0.00000000E+00,-3.14159265E+00,-0.00000000E+00,-0.00000000E+00,+0.00000000E+00,-3.14159265E+00,-3.15553582E-01,+1.39285570E-19,+3.15553582E-01,+3.14159265E+00
+1.54000000E+00,+0.00000000E+00,+3.35705482E+00,+5.40282392E-18,+3.35705482E+00,+1.60939401E-18,-0.00000000E+00,-0.00000000E+00,+0.00000000E+00,-3.14159265E+00,-0.00000000E+00,-0.00000000E+00,+0.00000000E+00,-3.14159265E+00,-3.12546153E-01,+1.30230212E-19,+3.12546153E-01,+3.14159265E+00
+1.55000000E+00,+0.00000000E+00,+3.13599421E+00,+4.34696323E-18,+3.13599421E+00,+1.38615155E-18,-0.00000000E+00,-0.00000000E+00,+0.00000000E+00,-3.14159265E+00,-0.00000000E+00,-0.00000000E+00,+0.00000000E+00,-3.14159265E+00,-3.09574457E-01,+1.21263209E-19,+3.09574457E-01,+3.14159265E+00
+1.56000000E+00,+0.00000000E+00,+2.94521908E+00,+3.50954643E-18,+2.94521908E+00,+1.19160794E-18,-0.00000000E+00,-0.00000000E+00,+0.00000000E+00,-3.14159265E+00,-0.00000000E+00,-0.00000000E+00,+0.00000000E+00,-3.14159265E+00,-3.06638108E-01,+1.12380223E-19,+3.06638108E-01,+3.14159265E+00
+1.57000000E+00,+0.00000000E+00,+2.77898384E+00,+2.83573495E-18,+2.77898384E+00,+1.02042153E-18,-0.00000000E+00,-0.00000000E+00,+0.00000000E+00,-3.14159265E+00,-0.00000000E+00,-0.00000000E+00,+0.00000000E+00,-3.14159265E+00,-3.03736717E-01,+1.03577198E-19,+3.03736717E-01,+3.14159265E+00
+1.58000000E+00,+0.00000000E+00,+2.63290844E+00,+2.28672640E-18,+2.63290844E+00,+8.68517253E-19,-0.00000000E+00,-0.00000000E+00,+0.00000000E+00,-3.14159265E+00,-0.00000000E+00,-0.00000000E+00,+0.00000000E+00,-3.14159265E+00,-3.00869890E-01,+9.48503405E-20,+3.00869890E-01,+3.14159265E+00
+1.59000000E+00,+0.00000000E+00,+2.50359541E+00,+1.83446312E-18,+2.50359541E+00,+7.32731460E-19,-0.00000000E+00,-0.00000000E+00,+0.00000000E+00,-3.14159265E+00,-0.00000000E+00,-0.00000000E+00,+0.00000000E+00,-3.14159265E+00,-2.98037229E-01,+8.61960991E-20,+2.98037229E-01,+3.14159265E+00
+1.60000000E+00,+0.00000000E+00,+2.38836906E+00,+1.45826638E-18,+2.38836906E+00,+6.10569951E-19,-0.00000000E+00,-0.00000000E+00,+0.00000000E+00,-3.14159265E+00,-0.00000000E+00,-0.00000000E+00,+0.00000000E+00,-3.14159265E+00,-2.95238337E-01,+7.76111470E-20,+2.95238337E-01,+3.14159265E+00
+1.61000000E+00,+0.00000000E+00,+2.28509345E+00,+1.14263630E-18,+2.28509345E+00,+5.00039201E-19,-0.00000000E+00,-0.00000000E+00,+0.00000000E+00,-3.14159265E+00,-0.00000000E+00,-0.00000000E+00,+0.00000000E+00,-3.14159265E+00,-2.92472816E-01,+6.90923651E-20,+2.92472816E-01,+3.14159265E+00
+1.62000000E+00,+0.00000000E+00,+2.19204287E+00,+8.75778562E-19,+2.19204287E+00,+3.99526201E-19,-0.00000000E+00,-0.00000000E+00,+0.00000000E+00,-3.14159265E+00,-0.00000000E+00,-0.00000000E+00,+0.00000000E+00,-3.14159265E+00,-2.89740269E-01,+6.06368271E-20,+2.89740269E-01,+3.14159265E+00
+1.63000000E+00,+0.00000000E+00,+2.10780790E+00,+6.48596371E-19,+2.10780790E+00,+3.07711329E-19,-0.00000000E+00,-0.00000000E+00,+0.00000000E+00,-3.14159265E+00,-0.00000000E+00,-0.00000000E+00,+0.00000000E+00,-3.14159265E+00,-2.87040298E-01,+5.22417858E-20,+2.87040298E-01,+3.14159265E+00
+1.64000000E+00,+0.00000000E+00,+2.03122610E+00,+4.53987403E-19,+2.03122610E+00,+2.23504121E-19,-0.00000000E+00,-0.00000000E+00,+0.00000000E+00,-3.14159265E+00,-0.00000000E+00,-0.00000000E+00,+0.00000000E+00,-3.14159265E+00,-2.84372510E-01,+4.39046604E-20,+2.84372510E-01,+3.14159265E+00
+1.65000000E+00,+0.00000000E+00,+1.96133023E+00,+2.86344825E-19,+1.96133023E+00,+1.45995213E-19,-0.00000000E+00,-0.00000000E+00,+0.00000000E+00,-3.14159265E+00,-0.00000000E+00,-0.00000000E+00,+0.00000000E+00,-3.14159265E+00,-2.81736512E-01,+3.56230249E-20,+2.81736512E-01,+3.14159265E+00
+1.66000000E+00,+0.00000000E+00,+1.89730893E+00,+1.41197552E-19,+1.89730893E+00,+7.44199062E-20,-0.00000000E+00,-0.00000000E+00,+0.00000000E+00,-3.14159265E+00,-0.00000000E+00,-0.00000000E+00,+0.00000000E+00,-3.14159265E+00,-2.79131915E-01,+2.73945976E-20,+2.79131915E-01,+3.14159265E+00
+1.67000000E+00,+0.00000000E+00,+1.83847655E+00,+1.49471578E-20,+1.83847655E+00,+8.13018684E-21,-0.00000000E+00,-0.00000000E+00,+0.00000000E+00,-3.14159265E+00,-0.00000000E+00,-0.00000000E+00,+0.00000000E+00,-3.14159265E+00,-2.76558334E-01,+1.92172313E-20,+2.76558334E-01,+3.14159265E+00
+1.68000000E+00,+0.00000000E+00,+1.78424972E+00,-9.53270827E-20,+1.78424972E+00,-5.34269848E-20,-0.00000000E+00,-0.00000000E+00,+0.00000000E+00,-3.14159265E+00,-0.00000000E+00,-0.00000000E+00,+0.00000000E+00,-3.14159265E+00,-2.74015386E-01,+1.10889045E-20,+2.74015386E-01,+3.14159265E+00
+1.69000000E+00,+0.00000000E+00,+1.73412898E+00,-1.92014394E-19,+1.73412898E+00,-1.10726708E-19,-0.00000000E+00,-0.00000000E+00,+0.00000000E+00,-3.14159265E+00,-0.00000000E+00,-0.00000000E+00,+0.00000000E+00,-3.14159265E+00,-2.71502694E-01,+3.00771274E-21,+2.71502694E-01,+3.14159265E+00
+1.70000000E+00,+0.00000000E+00,+1.68768422E+00,-2.77083370E-19,+1.68768422E+00,-1.64179630E-19,-0.00000000E+00,-0.00000000E+00,+0.00000000E+00,-3.14159265E+00,-0.00000000E+00,-0.00000000E+00,+0.00000000E+00,-3.14159265E+00,-2.69019881E-01,-5.02813887E-21,+2.69019881E-01,-3.14159265E+00
+1.71000000E+00,+0.00000000E+00,+1.64454304E+00,-3.52166907E-19,+1.64454304E+00,-2.14142712E-19,-0.00000000E+00,-0.00000000E+00,+0.00000000E+00,-3.14159265E+00,-0.00000000E+00,-0.00000000E+00,+0.00000000E+00,-3.14159265E+00,-2.66566580E-01,-1.30203426E-20,+2.66566580E-01,-3.14159265E+00
+1.72000000E+00,+0.00000000E+00,+1.60438143E+00,-4.18627896E-19,+1.60438143E+00,-2.60927911E-19,-0.00000000E+00,-0.00000000E+00,+0.00000000E+00,-3.14159265E+00,-0.00000000E+00,-0.00000000E+00,+0.00000000E+00,-3.14159265E+00,-2.64142424E-01,-2.09704949E-20,+2.64142424E-01,-3.14159265E+00
+1.73000000E+00,+0.00000000E+00,+1.56691614E+00,-4.77610476E-19,+1.56691614E+00,-3.04809213E-19,-0.00000000E+00,-0.00000000E+00,+0.00000000E+00,-3.14159265E+00,-0.00000000E+00,-0.00000000E+00,+0.00000000E+00,-3.14159265E+00,-2.61747051E-01,-2.88801021E-20,+2.61747051E-01,-3.14159265E+00
+1.74000000E+00,+0.00000000E+00,+1.53189846E+00,-5.30080353E-19,+1.53189846E+00,-3.46028386E-19,-0.00000000E+00,-0.00000000E+00,+0.00000000E+00,-3.14159265E+00,-0.00000000E+00,-0.00000000E+00,+0.00000000E+00,-3.14159265E+00,-2.59380107E-01,-3.67505863E-20,+2.59380107E-01,-3.14159265E+00
+1.75000000E+00,+0.00000000E+00,+1.49910916E+00,-5.76856770E-19,+1.49910916E+00,-3.84799711E-19,-0.00000000E+00,-0.00000000E+00,+0.00000000E+00,-3.14159265E+00,-0.00000000E+00,-0.00000000E+00,+0.00000000E+00,-3.14159265E+00,-2.57041239E-01,-4.45832906E-20,+2.57041239E-01,-3.14159265E+00
+1.76000000E+00,+0.00000000E+00,+1.46835419E+00,-6.18638023E-19,+1.46835419E+00,-4.21313896E-19,-0.00000000E+00,-0.00000000E+00,+0.00000000E+00,-3.14159265E+00,-0.00000000E+00,-0.00000000E+00,+0.00000000E+00,-3.14159265E+00,-2.54730101E-01,-5.23794837E-20,+2.54730101E-01,-3.14159265E+00
+1.77000000E+00,+0.00000000E+00,+1.43946122E+00,-6.56021984E-19,+1.43946122E+00,-4.55741339E-19,-0.00000000E+00,-0.00000000E+00,+0.00000000E+00,-3.14159265E+00,-0.00000000E+00,-0.00000000E+00,+0.00000000E+00,-3.14159265E+00,-2.52446350E-01,-6.01403647E-20,+2.52446350E-01,-3.14159265E+00
+1.78000000E+00,+0.00000000E+00,+1.41227669E+00,-6.89522698E-19,+1.41227669E+00,-4.88234851E-19,-0.00000000E+00,-0.00000000E+00,+0.00000000E+00,-3.14159265E+00,-0.00000000E+00,-0.00000000E+00,+0.00000000E+00,-3.14159265E+00,-2.50189650E-01,-6.78670668E-20,+2.50189650E-01,-3.14159265E+00
+1.79000000E+00,+0.00000000E+00,+1.38666328E+00,-7.19583888E-19,+1.38666328E+00,-5.18931956E-19,-0.00000000E+00,-0.00000000E+00,+0.00000000E+00,-3.14159265E+00,-0.00000000E+00,-0.00000000E+00,+0.00000000E+00,-3.14159265E+00,-2.47959668E-01,-7.55606617E-20,+2.47959668E-01,-3.14159265E+00
+1.80000000E+00,+0.00000000E+00,+1.36249787E+00,-7.46590014E-19,+1.36249787E+00,-5.47956830E-19,-0.00000000E+00,-0.00000000E+00,+0.00000000E+00,-3.14159265E+00,-0.00000000E+00,-0.00000000E+00,+0.00000000E+00,-3.14159265E+00,-2.45756077E-01,-8.32221631E-20,+2.45756077E-01,-3.14159265E+00
+1.81000000E+00,+0.00000000E+00,+1.33966973E+00,-7.70875368E-19,+1.33966973E+00,-5.75421949E-19,-0.00000000E+00,-0.00000000E+00,+0.00000000E+00,-3.14159265E+00,-0.00000000E+00,-0.00000000E+00,+0.00000000E+00,-3.14159265E+00,-2.43578554E-01,-9.08525298E-20,+2.43578554E-01,-3.14159265E+00
+1.82000000E+00,+0.00000000E+00,+1.31807901E+00,-7.92731597E-19,+1.31807901E+00,-6.01429499E-19,-0.00000000E+00,-0.00000000E+00,+0.00000000E+00,-3.14159265E+00,-0.00000000E+00,-0.00000000E+00,+0.00000000E+00,-3.14159265E+00,-2.41426782E-01,-9.84526692E-20,+2.41426782E-01,-3.14159265E+00
+1.83000000E+00,+0.00000000E+00,+1.29763543E+00,-8.12413952E-19,+1.29763543E+00,-6.26072575E-19,-0.00000000E+00,-0.00000000E+00,+0.00000000E+00,-3.14159265E+00,-0.00000000E+00,-0.00000000E+00,+0.00000000E+00,-3.14159265E+00,-2.39300446E-01,-1.06023440E-19,+2.39300446E-01,-3.14159265E+00
+1.84000000E+00,+0.00000000E+00,+1.27825717E+00,-8.30146506E-19,+1.27825717E+00,-6.49436223E-19,-0.00000000E+00,-0.00000000E+00,+0.00000000E+00,-3.14159265E+00,-0.00000000E+00,-0.00000000E+00,+0.00000000E+00,-3.14159265E+00,-2.37199240E-01,-1.13565655E-19,+2.37199240E-01,-3.14159265E+00
+1.85000000E+00,+0.00000000E+00,+1.25986991E+00,-8.46126529E-19,+1.25986991E+00,-6.71598333E-19,-0.00000000E+00,-0.00000000E+00,+0.00000000E+00,-3.14159265E+00,-0.00000000E+00,-0.00000000E+00,+0.00000000E+00,-3.14159265E+00,-2.35122859E-01,-1.21080085E-19,+2.35122859E-01,-3.14159265E+00
+1.86000000E+00,+0.00000000E+00,+1.24240598E+00,-8.60528168E-19,+1.24240598E+00,-6.92630414E-19,-0.00000000E+00,-0.00000000E+00,+0.00000000E+00,-3.14159265E+00,-0.00000000E+00,-0.00000000E+00,+0.00000000E+00,-3.14159265E+00,-2.33071004E-01,-1.28567457E-19,+2.33071004E-01,-3.14159265E+00
+1.87000000E+00,+0.00000000E+00,+1.22580365E+00,-8.73505557E-19,+1.22580365E+00,-7.12598270E-19,-0.00000000E+00,-0.00000000E+00,+0.00000000E+00,-3.14159265E+00,-0.00000000E+00,-0.00000000E+00,+0.00000000E+00,-3.14159265E+00,-2.31043381E-01,-1.36028463E-19,+2.31043381E-01,-3.14159265E+00
+1.88000000E+00,+0.00000000E+00,+1.21000646E+00,-8.85195458E-19,+1.21000646E+00,-7.31562587E-19,-0.00000000E+00,-0.00000000E+00,+0.00000000E+00,-3.14159265E+00,-0.00000000E+00,-0.00000000E+00,+0.00000000E+00,-3.14159265E+00,-2.29039700E-01,-1.43463756E-19,+2.29039700E-01,-3.14159265E+00
+1.89000000E+00,+0.00000000E+00,+1.19496273E+00,-8.95719503E-19,+1.19496273E+00,-7.49579449E-19,-0.00000000E+00,-0.00000000E+00,+0.00000000E+00,-3.14159265E+00,-0.00000000E+00,-0.00000000E+00,+0.00000000E+00,-3.14159265E+00,-2.27059674E-01,-1.50873956E-19,+2.27059674E-01,-3.14159265E+00
+1.90000000E+00,+0.00000000E+00,+1.18062500E+00,-9.05186118E-19,+1.18062500E+00,-7.66700789E-19,-0.00000000E+00,-0.00000000E+00,+0.00000000E+00,-3.14159265E+00,-0.00000000E+00,-0.00000000E+00,+0.00000000E+00,-3.14159265E+00,-2.25103024E-01,-1.58259648E-19,+2.25103024E-01,-3.14159265E+00
+1.91000000E+00,+0.00000000E+00,+1.16694966E+00,-9.13692163E-19,+1.16694966E+00,-7.82974789E-19,-0.00000000E+00,-0.00000000E+00,+0.00000000E+00,-3.14159265E+00,-0.00000000E+00,-0.00000000E+00,+0.00000000E+00,-3.14159265E+00,-2.23169472E-01,-1.65621391E-19,+2.23169472E-01,-3.14159265E+00
+1.92000000E+00,+0.00000000E+00,+1.15389654E+00,-9.21324346E-19,+1.15389654E+00,-7.98446232E-19,-0.00000000E+00,-0.00000000E+00,+0.00000000E+00,-3.14159265E+00,-0.00000000E+00,-0.00000000E+00,+0.00000000E+00,-3.14159265E+00,-2.21258745E-01,-1.72959709E-19,+2.21258745E-01,-3.14159265E+00
+1.93000000E+00,+0.00000000E+00,+1.14142860E+00,-9.28160440E-19,+1.14142860E+00,-8.13156810E-19,-0.00000000E+00,-0.00000000E+00,+0.00000000E+00,-3.14159265E+00,-0.00000000E+00,-0.00000000E+00,+0.00000000E+00,-3.14159265E+00,-2.19370576E-01,-1.80275103E-19,+2.19370576E-01,-3.14159265E+00
+1.94000000E+00,+0.00000000E+00,+1.12951161E+00,-9.34270339E-19,+1.12951161E+00,-8.27145405E-19,-0.00000000E+00,-0.00000000E+00,+0.00000000E+00,-3.14159265E+00,-0.00000000E+00,-0.00000000E+00,+0.00000000E+00,-3.14159265E+00,-2.17504699E-01,-1.87568045E-19,+2.17504699E-01,-3.14159265E+00
+1.95000000E+00,+0.00000000E+00,+1.11811391E+00,-9.39716968E-19,+1.11811391E+00,-8.40448332E-19,-0.00000000E+00,-0.00000000E+00,+0.00000000E+00,-3.14159265E+00,-0.00000000E+00,-0.00000000E+00,+0.00000000E+00,-3.14159265E+00,-2.15660855E-01,-1.94838984E-19,+2.15660855E-01,-3.14159265E+00
+1.96000000E+00,+0.00000000E+00,+1.10720615E+00,-9.44557078E-19,+1.10720615E+00,-8.53099560E-19,-0.00000000E+00,-0.00000000E+00,+0.00000000E+00,-3.14159265E+00,-0.00000000E+00,-0.00000000E+00,+0.00000000E+00,-3.14159265E+00,-2.13838787E-01,-2.02088344E-19,+2.13838787E-01,-3.14159265E+00
+1.97000000E+00,+0.00000000E+00,+1.09676112E+00,-9.48841941E-19,+1.09676112E+00,-8.65130909E-19,-0.00000000E+00,-0.00000000E+00,+0.00000000E+00,-3.14159265E+00,-0.00000000E+00,-0.00000000E+00,+0.00000000E+00,-3.14159265E+00,-2.12038243E-01,-2.09316528E-19,+2.12038243E-01,-3.14159265E+00
+1.98000000E+00,+0.00000000E+00,+1.08675352E+00,-9.52617947E-19,+1.08675352E+00,-8.76572224E-19,-0.00000000E+00,-0.00000000E+00,+0.00000000E+00,-3.14159265E+00,-0.00000000E+00,-0.00000000E+00,+0.00000000E+00,-3.14159265E+00,-2.10258975E-01,-2.16523917E-19,+2.10258975E-01,-3.14159265E+00
+1.99000000E+00,+0.00000000E+00,+1.07715982E+00,-9.55927141E-19,+1.07715982E+00,-8.87451538E-19,-0.00000000E+00,-0.00000000E+00,+0.00000000E+00,-3.14159265E+00,-0.00000000E+00,-0.00000000E+00,+0.00000000E+00,-3.14159265E+00,-2.08500738E-01,-2.23710872E-19,+2.08500738E-01,-3.14159265E+00
