s1,s2,Re(r_ex.11),Im(r_ex.11),Abs(r_ex.11),Arg(r_ex.11),Re(r_ex.21),Im(r_ex.21),Abs(r_ex.21),Arg(r_ex.21),Re(r_ex.12),Im(r_ex.12),Abs(r_ex.12),Arg(r_ex.12),Re(r_ex.22),Im(r_ex.22),Abs(r_ex.22),Arg(r_ex.22)
+0.00000000E+00,+0.00000000E+00,+9.07931372E-01,-4.04438456E-01,+9.93936538E-01,-4.19064099E-01,-0.00000000E+00,-0.00000000E+00,+0.00000000E+00,-3.14159265E+00,-0.00000000E+00,-0.00000000E+00,+0.00000000E+00,-3.14159265E+00,+9.07931372E-01,-4.04438456E-01,+9.93936538E-01,-4.19064099E-01
+1.60714286E-02,+0.00000000E+00,+9.07884628E-01,-4.04415149E-01,+9.93884354E-01,-4.19061815E-01,-0.00000000E+00,-0.00000000E+00,+0.00000000E+00,-3.14159265E+00,-0.00000000E+00,-0.00000000E+00,+0.00000000E+00,-3.14159265E+00,+9.07953962E-01,-4.04389626E-01,+9.93937305E-01,-4.19009974E-01
+3.21428571E-02,+0.00000000E+00,+9.07744318E-01,-4.04345242E-01,+9.93727740E-01,-4.19055007E-01,-0.00000000E+00,-0.00000000E+00,+0.00000000E+00,-3.14159265E+00,-0.00000000E+00,-0.00000000E+00,+0.00000000E+00,-3.14159265E+00,+9.08021732E-01,-4.04243092E-01,+9.93939607E-01,-4.18847559E-01
+4.82142857E-02,+0.00000000E+00,+9.07510216E-01,-4.04228780E-01,+9.93466506E-01,-4.19043804E-01,-0.00000000E+00,-0.00000000E+00,+0.00000000E+00,-3.14159265E+00,-0.00000000E+00,-0.00000000E+00,+0.00000000E+00,-3.14159265E+00,+9.08134687E-01,-4.03998716E-01,+9.93943445E-01,-4.18576727E-01
+6.42857143E-02,+0.00000000E+00,+9.07181940E-01,-4.04065839E-01,+9.93100334E-01,-4.19028427E-01,-0.00000000E+00,-0.00000000E+00,+0.00000000E+00,-3.14159265E+00,-0.00000000E+00,-0.00000000E+00,+0.00000000E+00,-3.14159265E+00,+9.08292838E-01,-4.03656270E-01,+9.93948824E-01,-4.18197267E-01
+8.03571429E-02,+0.00000000E+00,+9.06758954E-01,-4.03856525E-01,+9.92628780E-01,-4.19009181E-01,-0.00000000E+00,-0.00000000E+00,+0.00000000E+00,-3.14159265E+00,-0.00000000E+00,-0.00000000E+00,+0.00000000E+00,-3.14159265E+00,+9.08496196E-01,-4.03215435E-01,+9.93955746E-01,-4.17708884E-01
+9.64285714E-02,+0.00000000E+00,+9.06240565E-01,-4.03600977E-01,+9.92051263E-01,-4.18986468E-01,-0.00000000E+00,-0.00000000E+00,+0.00000000E+00,-3.14159265E+00,-0.00000000E+00,-0.00000000E+00,+0.00000000E+00,-3.14159265E+00,+9.08744777E-01,-4.02675797E-01,+9.93964218E-01,-4.17111195E-01
+1.12500000E-01,+0.00000000E+00,+9.05625915E-01,-4.03299363E-01,+9.91367073E-01,-4.18960783E-01,-0.00000000E+00,-0.00000000E+00,+0.00000000E+00,-3.14159265E+00,-0.00000000E+00,-0.00000000E+00,+0.00000000E+00,-3.14159265E+00,+9.09038601E-01,-4.02036847E-01,+9.93974247E-01,-4.16403728E-01
+1.28571429E-01,+0.00000000E+00,+9.04913980E-01,-4.02951890E-01,+9.90575357E-01,-4.18932721E-01,-0.00000000E+00,-0.00000000E+00,+0.00000000E+00,-3.14159265E+00,-0.00000000E+00,-0.00000000E+00,+0.00000000E+00,-3.14159265E+00,+9.09377692E-01,-4.01297978E-01,+9.93985842E-01,-4.15585925E-01
+1.44642857E-01,+0.00000000E+00,+9.04103565E-01,-4.02558798E-01,+9.89675120E-01,-4.18902980E-01,-0.00000000E+00,-0.00000000E+00,+0.00000000E+00,-3.14159265E+00,-0.00000000E+00,-0.00000000E+00,+0.00000000E+00,-3.14159265E+00,+9.09762077E-01,-4.00458487E-01,+9.93999012E-01,-4.14657131E-01
+1.60714286E-01,+0.00000000E+00,+9.03193293E-01,-4.02120362E-01,+9.88665217E-01,-4.18872367E-01,-0.00000000E+00,-0.00000000E+00,+0.00000000E+00,-3.14159265E+00,-0.00000000E+00,-0.00000000E+00,+0.00000000E+00,-3.14159265E+00,+9.10191786E-01,-3.99517565E-01,+9.94013768E-01,-4.13616600E-01
+1.76785714E-01,+0.00000000E+00,+9.02181599E-01,-4.01636901E-01,+9.87544347E-01,-4.18841808E-01,-0.00000000E+00,-0.00000000E+00,+0.00000000E+00,-3.14159265E+00,-0.00000000E+00,-0.00000000E+00,+0.00000000E+00,-3.14159265E+00,+9.10666854E-01,-3.98474300E-01,+9.94030124E-01,-4.12463485E-01
+1.92857143E-01,+0.00000000E+00,+9.01066720E-01,-4.01108771E-01,+9.86311046E-01,-4.18812351E-01,-0.00000000E+00,-0.00000000E+00,+0.00000000E+00,-3.14159265E+00,-0.00000000E+00,-0.00000000E+00,+0.00000000E+00,-3.14159265E+00,+9.11187320E-01,-3.97327671E-01,+9.94048093E-01,-4.11196839E-01
+2.08928571E-01,+0.00000000E+00,+8.99846686E-01,-4.00536376E-01,+9.84963678E-01,-4.18785177E-01,-0.00000000E+00,-0.00000000E+00,+0.00000000E+00,-3.14159265E+00,-0.00000000E+00,-0.00000000E+00,+0.00000000E+00,-3.14159265E+00,+9.11753226E-01,-3.96076543E-01,+9.94067691E-01,-4.09815610E-01
+2.25000000E-01,+0.00000000E+00,+8.98519304E-01,-3.99920167E-01,+9.83500422E-01,-4.18761610E-01,-0.00000000E+00,-0.00000000E+00,+0.00000000E+00,-3.14159265E+00,-0.00000000E+00,-0.00000000E+00,+0.00000000E+00,-3.14159265E+00,+9.12364619E-01,-3.94719664E-01,+9.94088935E-01,-4.08318636E-01
+2.41071429E-01,+0.00000000E+00,+8.97082148E-01,-3.99260644E-01,+9.81919264E-01,-4.18743130E-01,-0.00000000E+00,-0.00000000E+00,+0.00000000E+00,-3.14159265E+00,-0.00000000E+00,-0.00000000E+00,+0.00000000E+00,-3.14159265E+00,+9.13021549E-01,-3.93255658E-01,+9.94111845E-01,-4.06704637E-01
+2.57142857E-01,+0.00000000E+00,+8.95532538E-01,-3.98558366E-01,+9.80217985E-01,-4.18731387E-01,-0.00000000E+00,-0.00000000E+00,+0.00000000E+00,-3.14159265E+00,-0.00000000E+00,-0.00000000E+00,+0.00000000E+00,-3.14159265E+00,+9.13724070E-01,-3.91683021E-01,+9.94136442E-01,-4.04972215E-01
+2.73214286E-01,+0.00000000E+00,+8.93867526E-01,-3.97813950E-01,+9.78394140E-01,-4.18728212E-01,-0.00000000E+00,-0.00000000E+00,+0.00000000E+00,-3.14159265E+00,-0.00000000E+00,-0.00000000E+00,+0.00000000E+00,-3.14159265E+00,+9.14472242E-01,-3.90000114E-01,+9.94162748E-01,-4.03119844E-01
+2.89285714E-01,+0.00000000E+00,+8.92083874E-01,-3.97028080E-01,+9.76445049E-01,-4.18735642E-01,-0.00000000E+00,-0.00000000E+00,+0.00000000E+00,-3.14159265E+00,-0.00000000E+00,-0.00000000E+00,+0.00000000E+00,-3.14159265E+00,+9.15266128E-01,-3.88205151E-01,+9.94190789E-01,-4.01145861E-01
+3.05357143E-01,+0.00000000E+00,+8.90178028E-01,-3.96201512E-01,+9.74367774E-01,-4.18755935E-01,-0.00000000E+00,-0.00000000E+00,+0.00000000E+00,-3.14159265E+00,-0.00000000E+00,-0.00000000E+00,+0.00000000E+00,-3.14159265E+00,+9.16105796E-01,-3.86296200E-01,+9.94220591E-01,-3.99048462E-01
+3.21428571E-01,+0.00000000E+00,+8.88146094E-01,-3.95335080E-01,+9.72159097E-01,-4.18791592E-01,-0.00000000E+00,-0.00000000E+00,+0.00000000E+00,-3.14159265E+00,-0.00000000E+00,-0.00000000E+00,+0.00000000E+00,-3.14159265E+00,+9.16991318E-01,-3.84271164E-01,+9.94252184E-01,-3.96825690E-01
+3.37500000E-01,+0.00000000E+00,+8.85983806E-01,-3.94429706E-01,+9.69815497E-01,-4.18845392E-01,-0.00000000E+00,-0.00000000E+00,+0.00000000E+00,-3.14159265E+00,-0.00000000E+00,-0.00000000E+00,+0.00000000E+00,-3.14159265E+00,+9.17922772E-01,-3.82127775E-01,+9.94285599E-01,-3.94475427E-01
+3.53571429E-01,+0.00000000E+00,+8.83686494E-01,-3.93486407E-01,+9.67333123E-01,-4.18920415E-01,-0.00000000E+00,-0.00000000E+00,+0.00000000E+00,-3.14159265E+00,-0.00000000E+00,-0.00000000E+00,+0.00000000E+00,-3.14159265E+00,+9.18900240E-01,-3.79863584E-01,+9.94320871E-01,-3.91995378E-01
+3.69642857E-01,+0.00000000E+00,+8.81249039E-01,-3.92506308E-01,+9.64707765E-01,-4.19020078E-01,-0.00000000E+00,-0.00000000E+00,+0.00000000E+00,-3.14159265E+00,-0.00000000E+00,-0.00000000E+00,+0.00000000E+00,-3.14159265E+00,+9.19923810E-01,-3.77475943E-01,+9.94358036E-01,-3.89383064E-01
+3.85714286E-01,+0.00000000E+00,+8.78665835E-01,-3.91490652E-01,+9.61934811E-01,-4.19148181E-01,-0.00000000E+00,-0.00000000E+00,+0.00000000E+00,-3.14159265E+00,-0.00000000E+00,-0.00000000E+00,+0.00000000E+00,-3.14159265E+00,+9.20993575E-01,-3.74961996E-01,+9.94397135E-01,-3.86635804E-01
+4.01785714E-01,+0.00000000E+00,+8.75930731E-01,-3.90440813E-01,+9.59009215E-01,-4.19308950E-01,-0.00000000E+00,-0.00000000E+00,+0.00000000E+00,-3.14159265E+00,-0.00000000E+00,-0.00000000E+00,+0.00000000E+00,-3.14159265E+00,+9.22109633E-01,-3.72318656E-01,+9.94438211E-01,-3.83750701E-01
+4.17857143E-01,+0.00000000E+00,+8.73036976E-01,-3.89358314E-01,+9.55925446E-01,-4.19507093E-01,-0.00000000E+00,-0.00000000E+00,+0.00000000E+00,-3.14159265E+00,-0.00000000E+00,-0.00000000E+00,+0.00000000E+00,-3.14159265E+00,+9.23272089E-01,-3.69542593E-01,+9.94481311E-01,-3.80724620E-01
+4.33928571E-01,+0.00000000E+00,+8.69977148E-01,-3.88244845E-01,+9.52677437E-01,-4.19747866E-01,-0.00000000E+00,-0.00000000E+00,+0.00000000E+00,-3.14159265E+00,-0.00000000E+00,-0.00000000E+00,+0.00000000E+00,-3.14159265E+00,+9.24481055E-01,-3.66630208E-01,+9.94526486E-01,-3.77554172E-01
+4.50000000E-01,+0.00000000E+00,+8.66743079E-01,-3.87102281E-01,+9.49258522E-01,-4.20037146E-01,-0.00000000E+00,-0.00000000E+00,+0.00000000E+00,-3.14159265E+00,-0.00000000E+00,-0.00000000E+00,+0.00000000E+00,-3.14159265E+00,+9.25736648E-01,-3.63577611E-01,+9.94573789E-01,-3.74235687E-01
+4.66071429E-01,+0.00000000E+00,+8.63325759E-01,-3.85932709E-01,+9.45661367E-01,-4.20381517E-01,-0.00000000E+00,-0.00000000E+00,+0.00000000E+00,-3.14159265E+00,-0.00000000E+00,-0.00000000E+00,+0.00000000E+00,-3.14159265E+00,+9.27038994E-01,-3.60380596E-01,+9.94623280E-01,-3.70765193E-01
+4.82142857E-01,+0.00000000E+00,+8.59715232E-01,-3.84738457E-01,+9.41877890E-01,-4.20788380E-01,-0.00000000E+00,-0.00000000E+00,+0.00000000E+00,-3.14159265E+00,-0.00000000E+00,-0.00000000E+00,+0.00000000E+00,-3.14159265E+00,+9.28388224E-01,-3.57034606E-01,+9.94675025E-01,-3.67138376E-01
+4.98214286E-01,+0.00000000E+00,+8.55900473E-01,-3.83522123E-01,+9.37899162E-01,-4.21266068E-01,-0.00000000E+00,-0.00000000E+00,+0.00000000E+00,-3.14159265E+00,-0.00000000E+00,-0.00000000E+00,+0.00000000E+00,-3.14159265E+00,+9.29784479E-01,-3.53534703E-01,+9.94729091E-01,-3.63350558E-01
+5.14285714E-01,+0.00000000E+00,+8.51869241E-01,-3.82286618E-01,+9.33715300E-01,-4.21823999E-01,-0.00000000E+00,-0.00000000E+00,+0.00000000E+00,-3.14159265E+00,-0.00000000E+00,-0.00000000E+00,+0.00000000E+00,-3.14159265E+00,+9.31227909E-01,-3.49875523E-01,+9.94785555E-01,-3.59396646E-01
+5.30357143E-01,+0.00000000E+00,+8.47607907E-01,-3.81035210E-01,+9.29315337E-01,-4.22472847E-01,-0.00000000E+00,-0.00000000E+00,+0.00000000E+00,-3.14159265E+00,-0.00000000E+00,-0.00000000E+00,+0.00000000E+00,-3.14159265E+00,+9.32718673E-01,-3.46051233E-01,+9.94844500E-01,-3.55271097E-01
+5.46428571E-01,+0.00000000E+00,+8.43101251E-01,-3.79771577E-01,+9.24687066E-01,-4.23224750E-01,-0.00000000E+00,-0.00000000E+00,+0.00000000E+00,-3.14159265E+00,-0.00000000E+00,-0.00000000E+00,+0.00000000E+00,-3.14159265E+00,+9.34256939E-01,-3.42055479E-01,+9.94906015E-01,-3.50967857E-01
+5.62500000E-01,+0.00000000E+00,+8.38332220E-01,-3.78499873E-01,+9.19816864E-01,-4.24093568E-01,-0.00000000E+00,-0.00000000E+00,+0.00000000E+00,-3.14159265E+00,-0.00000000E+00,-0.00000000E+00,+0.00000000E+00,-3.14159265E+00,+9.35842887E-01,-3.37881320E-01,+9.94970198E-01,-3.46480307E-01
+5.78571429E-01,+0.00000000E+00,+8.33281634E-01,-3.77224800E-01,+9.14689472E-01,-4.25095189E-01,-0.00000000E+00,-0.00000000E+00,+0.00000000E+00,-3.14159265E+00,-0.00000000E+00,-0.00000000E+00,+0.00000000E+00,-3.14159265E+00,+9.37476711E-01,-3.33521159E-01,+9.95037158E-01,-3.41801187E-01
+5.94642857E-01,+0.00000000E+00,+8.27927841E-01,-3.75951704E-01,+9.09287740E-01,-4.26247911E-01,-0.00000000E+00,-0.00000000E+00,+0.00000000E+00,-3.14159265E+00,-0.00000000E+00,-0.00000000E+00,+0.00000000E+00,-3.14159265E+00,+9.39158616E-01,-3.28966660E-01,+9.95107014E-01,-3.36922515E-01
+6.10714286E-01,+0.00000000E+00,+8.22246284E-01,-3.74686686E-01,+9.03592311E-01,-4.27572903E-01,-0.00000000E+00,-0.00000000E+00,+0.00000000E+00,-3.14159265E+00,-0.00000000E+00,-0.00000000E+00,+0.00000000E+00,-3.14159265E+00,+9.40888823E-01,-3.24208645E-01,+9.95179894E-01,-3.31835491E-01
+6.26785714E-01,+0.00000000E+00,+8.16208987E-01,-3.73436731E-01,+8.97581251E-01,-4.29094793E-01,-0.00000000E+00,-0.00000000E+00,+0.00000000E+00,-3.14159265E+00,-0.00000000E+00,-0.00000000E+00,+0.00000000E+00,-3.14159265E+00,+9.42667570E-01,-3.19236977E-01,+9.95255945E-01,-3.26530377E-01
+6.42857143E-01,+0.00000000E+00,+8.09783904E-01,-3.72209877E-01,+8.91229579E-01,-4.30842391E-01,-0.00000000E+00,-0.00000000E+00,+0.00000000E+00,-3.14159265E+00,-0.00000000E+00,-0.00000000E+00,+0.00000000E+00,-3.14159265E+00,+9.44495115E-01,-3.14040423E-01,+9.95335325E-01,-3.20996361E-01
+6.58928571E-01,+0.00000000E+00,+8.02934125E-01,-3.71015412E-01,+8.84508703E-01,-4.32849619E-01,-0.00000000E+00,-0.00000000E+00,+0.00000000E+00,-3.14159265E+00,-0.00000000E+00,-0.00000000E+00,+0.00000000E+00,-3.14159265E+00,+9.46371735E-01,-3.08606480E-01,+9.95418214E-01,-3.15221387E-01
+6.75000000E-01,+0.00000000E+00,+7.95616869E-01,-3.69864131E-01,+8.77385707E-01,-4.35156688E-01,-0.00000000E+00,-0.00000000E+00,+0.00000000E+00,-3.14159265E+00,-0.00000000E+00,-0.00000000E+00,+0.00000000E+00,-3.14159265E+00,+9.48297735E-01,-3.02921171E-01,+9.95504812E-01,-3.09191954E-01
+6.91071429E-01,+0.00000000E+00,+7.87782211E-01,-3.68768642E-01,+8.69822466E-01,-4.37811631E-01,-0.00000000E+00,-0.00000000E+00,+0.00000000E+00,-3.14159265E+00,-0.00000000E+00,-0.00000000E+00,+0.00000000E+00,-3.14159265E+00,+9.50273445E-01,-2.96968794E-01,+9.95595342E-01,-3.02892867E-01
+7.07142857E-01,+0.00000000E+00,+7.79371443E-01,-3.67743765E-01,+8.61774519E-01,-4.40872302E-01,-0.00000000E+00,-0.00000000E+00,+0.00000000E+00,-3.14159265E+00,-0.00000000E+00,-0.00000000E+00,+0.00000000E+00,-3.14159265E+00,+9.52299230E-01,-2.90731614E-01,+9.95690059E-01,-2.96306929E-01
+7.23214286E-01,+0.00000000E+00,+7.70314955E-01,-3.66807033E-01,+8.53189621E-01,-4.44409038E-01,-0.00000000E+00,-0.00000000E+00,+0.00000000E+00,-3.14159265E+00,-0.00000000E+00,-0.00000000E+00,+0.00000000E+00,-3.14159265E+00,+9.54375493E-01,-2.84189470E-01,+9.95789253E-01,-2.89414558E-01
+7.39285714E-01,+0.00000000E+00,+7.60529438E-01,-3.65979341E-01,+8.44005867E-01,-4.48508238E-01,-0.00000000E+00,-0.00000000E+00,+0.00000000E+00,-3.14159265E+00,-0.00000000E+00,-0.00000000E+00,+0.00000000E+00,-3.14159265E+00,+9.56502684E-01,-2.77319292E-01,+9.95893255E-01,-2.82193303E-01
+7.55357143E-01,+0.00000000E+00,+7.49914145E-01,-3.65285788E-01,+8.34149226E-01,-4.53277265E-01,-0.00000000E+00,-0.00000000E+00,+0.00000000E+00,-3.14159265E+00,-0.00000000E+00,-0.00000000E+00,+0.00000000E+00,-3.14159265E+00,+9.58681309E-01,-2.70094470E-01,+9.96002447E-01,-2.74617221E-01
+7.71428571E-01,+0.00000000E+00,+7.38345814E-01,-3.64756789E-01,+8.23530240E-01,-4.58851294E-01,-0.00000000E+00,-0.00000000E+00,+0.00000000E+00,-3.14159265E+00,-0.00000000E+00,-0.00000000E+00,+0.00000000E+00,-3.14159265E+00,+9.60911940E-01,-2.62484042E-01,+9.96117276E-01,-2.66656069E-01
+7.87500000E-01,+0.00000000E+00,+7.25671631E-01,-3.64429560E-01,+8.12039543E-01,-4.65403052E-01,-0.00000000E+00,-0.00000000E+00,+0.00000000E+00,-3.14159265E+00,-0.00000000E+00,-0.00000000E+00,+0.00000000E+00,-3.14159265E+00,+9.63195233E-01,-2.54451621E-01,+9.96238267E-01,-2.58274242E-01
+8.03571429E-01,+0.00000000E+00,+7.11699273E-01,-3.64350134E-01,+7.99541666E-01,-4.73157045E-01,-0.00000000E+00,-0.00000000E+00,+0.00000000E+00,-3.14159265E+00,-0.00000000E+00,-0.00000000E+00,+0.00000000E+00,-3.14159265E+00,+9.65531951E-01,-2.45953948E-01,+9.96366043E-01,-2.49429335E-01
+8.19642857E-01,+0.00000000E+00,+6.96182467E-01,-3.64576140E-01,+7.85866267E-01,-4.82410869E-01,-0.00000000E+00,-0.00000000E+00,+0.00000000E+00,-3.14159265E+00,-0.00000000E+00,-0.00000000E+00,+0.00000000E+00,-3.14159265E+00,+9.67922989E-01,-2.36938910E-01,+9.96501359E-01,-2.40070170E-01
+8.35714286E-01,+0.00000000E+00,+6.78799440E-01,-3.65180705E-01,+7.70795451E-01,-4.93568199E-01,-0.00000000E+00,-0.00000000E+00,+0.00000000E+00,-3.14159265E+00,-0.00000000E+00,-0.00000000E+00,+0.00000000E+00,-3.14159265E+00,+9.70369420E-01,-2.27342735E-01,+9.96645138E-01,-2.30134013E-01
+8.51785714E-01,+0.00000000E+00,+6.59119695E-01,-3.66258031E-01,+7.54044904E-01,-5.07191738E-01,-0.00000000E+00,-0.00000000E+00,+0.00000000E+00,-3.14159265E+00,-0.00000000E+00,-0.00000000E+00,+0.00000000E+00,-3.14159265E+00,+9.72872554E-01,-2.17085939E-01,+9.96798531E-01,-2.19542539E-01
+8.67857143E-01,+0.00000000E+00,+6.36550736E-01,-3.67931532E-01,+7.35234963E-01,-5.24092067E-01,-0.00000000E+00,-0.00000000E+00,+0.00000000E+00,-3.14159265E+00,-0.00000000E+00,-0.00000000E+00,+0.00000000E+00,-3.14159265E+00,+9.75434025E-01,-2.06067226E-01,+9.96963007E-01,-2.08195758E-01
+8.83928571E-01,+0.00000000E+00,+6.10248526E-01,-3.70365918E-01,+7.13844645E-01,-5.45484878E-01,-0.00000000E+00,-0.00000000E+00,+0.00000000E+00,-3.14159265E+00,-0.00000000E+00,-0.00000000E+00,+0.00000000E+00,-3.14159265E+00,+9.78055937E-01,-1.94153939E-01,+9.97140495E-01,-1.95962512E-01
+9.00000000E-01,+0.00000000E+00,+5.78958035E-01,-3.73785368E-01,+6.89135624E-01,-5.73288118E-01,-0.00000000E+00,-0.00000000E+00,+0.00000000E+00,-3.14159265E+00,-0.00000000E+00,-0.00000000E+00,+0.00000000E+00,-3.14159265E+00,+9.80741093E-01,-1.81166315E-01,+9.97333608E-01,-1.82664785E-01
+9.16071429E-01,+0.00000000E+00,+5.40707762E-01,-3.78500643E-01,+6.60020924E-01,-6.10732431E-01,-0.00000000E+00,-0.00000000E+00,+0.00000000E+00,-3.14159265E+00,-0.00000000E+00,-0.00000000E+00,+0.00000000E+00,-3.14159265E+00,+9.83493407E-01,-1.66849762E-01,+9.97546052E-01,-1.68050073E-01
+9.32142857E-01,+0.00000000E+00,+4.92165818E-01,-3.84946271E-01,+6.24828636E-01,-6.63760091E-01,-0.00000000E+00,-0.00000000E+00,+0.00000000E+00,-3.14159265E+00,-0.00000000E+00,-0.00000000E+00,+0.00000000E+00,-3.14159265E+00,+9.86318686E-01,-1.50821647E-01,+9.97783403E-01,-1.51738314E-01
+9.48214286E-01,+0.00000000E+00,+4.27091835E-01,-3.93708928E-01,+5.80873614E-01,-7.44749422E-01,-0.00000000E+00,-0.00000000E+00,+0.00000000E+00,-3.14159265E+00,-0.00000000E+00,-0.00000000E+00,+0.00000000E+00,-3.14159265E+00,+9.89226321E-01,-1.32456202E-01,+9.98054788E-01,-1.33107065E-01
+9.64285714E-01,+0.00000000E+00,+3.31811098E-01,-4.05370199E-01,+5.23854563E-01,-8.84853222E-01,-0.00000000E+00,-0.00000000E+00,+0.00000000E+00,-3.14159265E+00,-0.00000000E+00,-0.00000000E+00,+0.00000000E+00,-3.14159265E+00,+9.92233672E-01,-1.10586867E-01,+9.98377241E-01,-1.10994378E-01
+9.80357143E-01,+0.00000000E+00,+1.66711627E-01,-4.18380288E-01,+4.50371881E-01,-1.19161037E+00,-0.00000000E+00,-0.00000000E+00,+0.00000000E+00,-3.14159265E+00,-0.00000000E+00,-0.00000000E+00,+0.00000000E+00,-3.14159265E+00,+9.95381456E-01,-8.24577952E-02,+9.98791035E-01,-8.26516754E-02
+9.96428571E-01,+0.00000000E+00,-3.16099494E-01,-3.74317280E-01,+4.89930930E-01,-2.27207082E+00,-0.00000000E+00,-0.00000000E+00,+0.00000000E+00,-3.14159265E+00,-0.00000000E+00,-0.00000000E+00,+0.00000000E+00,-3.14159265E+00,+9.98856407E-01,-3.53597940E-02,+9.99482085E-01,-3.53855010E-02
+1.01250000E+00,+0.00000000E+00,+2.10351788E-01,-2.26824008E+00,+2.27797298E+00,-1.47832294E+00,-0.00000000E+00,-0.00000000E+00,+0.00000000E+00,-3.14159265E+00,-0.00000000E+00,-0.00000000E+00,+0.00000000E+00,-3.14159265E+00,+9.35694173E-01,+9.10758900E-04,+9.35694616E-01,+9.73350737E-04
+1.02857143E+00,+0.00000000E+00,+1.08164470E+00,-1.62448012E+00,+1.95163800E+00,-9.83365883E-01,-0.00000000E+00,-0.00000000E+00,+0.00000000E+00,-3.14159265E+00,-0.00000000E+00,-0.00000000E+00,+0.00000000E+00,-3.14159265E+00,+9.04033524E-01,+1.33603347E-03,+9.04034511E-01,+1.47785725E-03
+1.04464286E+00,+0.00000000E+00,+1.21575980E+00,-1.22685218E+00,+1.72720530E+00,-7.89939327E-01,-0.00000000E+00,-0.00000000E+00,+0.00000000E+00,-3.14159265E+00,-0.00000000E+00,-0.00000000E+00,+0.00000000E+00,-3.14159265E+00,+8.81077279E-01,+1.63454729E-03,+8.81078795E-01,+1.85516691E-03
+1.06071429E+00,+0.00000000E+00,+1.22750104E+00,-1.00422435E+00,+1.58594620E+00,-6.85683301E-01,-0.00000000E+00,-0.00000000E+00,+0.00000000E+00,-3.14159265E+00,-0.00000000E+00,-0.00000000E+00,+0.00000000E+00,-3.14159265E+00,+8.62232126E-01,+1.87329582E-03,+8.62234161E-01,+2.17260853E-03
+1.07678571E+00,+0.00000000E+00,+1.21157011E+00,-8.64661754E-01,+1.48846971E+00,-6.19841946E-01,-0.00000000E+00,-0.00000000E+00,+0.00000000E+00,-3.14159265E+00,-0.00000000E+00,-0.00000000E+00,+0.00000000E+00,-3.14159265E+00,+8.45905083E-01,+2.07547044E-03,+8.45907629E-01,+2.45354510E-03
+1.09285714E+00,+0.00000000E+00,+1.18900202E+00,-7.69365658E-01,+1.41620949E+00,-5.74311595E-01,-0.00000000E+00,-0.00000000E+00,+0.00000000E+00,-3.14159265E+00,-0.00000000E+00,-0.00000000E+00,+0.00000000E+00,-3.14159265E+00,+8.31319691E-01,+2.25235777E-03,+8.31322742E-01,+2.70936955E-03
+1.10892857E+00,+0.00000000E+00,+1.16565138E+00,-7.00235030E-01,+1.35980596E+00,-5.40951854E-01,-0.00000000E+00,-0.00000000E+00,+0.00000000E+00,-3.14159265E+00,-0.00000000E+00,-0.00000000E+00,+0.00000000E+00,-3.14159265E+00,+8.18029019E-01,+2.41044582E-03,+8.18032571E-01,+2.94664222E-03
+1.12500000E+00,+0.00000000E+00,+1.14328981E+00,-6.47826284E-01,+1.31407400E+00,-5.15523889E-01,-0.00000000E+00,-0.00000000E+00,+0.00000000E+00,-3.14159265E+00,-0.00000000E+00,-0.00000000E+00,+0.00000000E+00,-3.14159265E+00,+8.05748338E-01,+2.55386333E-03,+8.05752385E-01,+3.16954396E-03
+1.14107143E+00,+0.00000000E+00,+1.12240388E+00,-6.06754463E-01,+1.27590809E+00,-4.95585913E-01,-0.00000000E+00,-0.00000000E+00,+0.00000000E+00,-3.14159265E+00,-0.00000000E+00,-0.00000000E+00,+0.00000000E+00,-3.14159265E+00,+7.94283280E-01,+2.68542604E-03,+7.94287820E-01,+3.38092954E-03
+1.15714286E+00,+0.00000000E+00,+1.10304300E+00,-5.73728641E-01,+1.24332957E+00,-4.79623676E-01,-0.00000000E+00,-0.00000000E+00,+0.00000000E+00,-3.14159265E+00,-0.00000000E+00,-0.00000000E+00,+0.00000000E+00,-3.14159265E+00,+7.83494327E-01,+2.80715355E-03,+7.83499355E-01,+3.58284858E-03
+1.17321429E+00,+0.00000000E+00,+1.08510851E+00,-5.46624377E-01,+1.21501386E+00,-4.66643815E-01,-0.00000000E+00,-0.00000000E+00,+0.00000000E+00,-3.14159265E+00,-0.00000000E+00,-0.00000000E+00,+0.00000000E+00,-3.14159265E+00,+7.73277418E-01,+2.92055126E-03,+7.73282934E-01,+3.77683003E-03
+1.18928571E+00,+0.00000000E+00,+1.06845951E+00,-5.24008347E-01,+1.19003802E+00,-4.55965168E-01,-0.00000000E+00,-0.00000000E+00,+0.00000000E+00,-3.14159265E+00,-0.00000000E+00,-0.00000000E+00,+0.00000000E+00,-3.14159265E+00,+7.63552565E-01,+3.02677588E-03,+7.63558564E-01,+3.96404932E-03
+1.20535714E+00,+0.00000000E+00,+1.05295234E+00,-5.04877823E-01,+1.16773723E+00,-4.47103622E-01,-0.00000000E+00,-0.00000000E+00,+0.00000000E+00,-3.14159265E+00,-0.00000000E+00,-0.00000000E+00,+0.00000000E+00,-3.14159265E+00,+7.54256753E-01,+3.12673834E-03,+7.54263234E-01,+4.14543246E-03
+1.22142857E+00,+0.00000000E+00,+1.03845466E+00,-4.88509787E-01,+1.14761923E+00,-4.39704796E-01,-0.00000000E+00,-0.00000000E+00,+0.00000000E+00,-3.14159265E+00,-0.00000000E+00,-0.00000000E+00,+0.00000000E+00,-3.14159265E+00,+7.45339335E-01,+3.22117077E-03,+7.45346295E-01,+4.32172377E-03
+1.23750000E+00,+0.00000000E+00,+1.02484951E+00,-4.74369403E-01,+1.12931078E+00,-4.33502766E-01,-0.00000000E+00,-0.00000000E+00,+0.00000000E+00,-3.14159265E+00,-0.00000000E+00,-0.00000000E+00,+0.00000000E+00,-3.14159265E+00,+7.36758896E-01,+3.31067181E-03,+7.36766334E-01,+4.49353180E-03
+1.25357143E+00,+0.00000000E+00,+1.01203530E+00,-4.62052279E-01,+1.11252315E+00,-4.28293723E-01,-0.00000000E+00,-0.00000000E+00,+0.00000000E+00,-3.14159265E+00,-0.00000000E+00,-0.00000000E+00,+0.00000000E+00,-3.14159265E+00,+7.28481084E-01,+3.39573815E-03,+7.28488999E-01,+4.66136133E-03
+1.26964286E+00,+0.00000000E+00,+9.99924473E-01,-4.51246800E-01,+1.09702900E+00,-4.23918599E-01,-0.00000000E+00,-0.00000000E+00,+0.00000000E+00,-3.14159265E+00,-0.00000000E+00,-0.00000000E+00,+0.00000000E+00,-3.14159265E+00,+7.20477042E-01,+3.47678717E-03,+7.20485431E-01,+4.82563632E-03
+1.28571429E+00,+0.00000000E+00,+9.88441663E-01,-4.41708834E-01,+1.08264658E+00,-4.20251265E-01,-0.00000000E+00,-0.00000000E+00,+0.00000000E+00,-3.14159265E+00,-0.00000000E+00,-0.00000000E+00,+0.00000000E+00,-3.14159265E+00,+7.12722262E-01,+3.55417350E-03,+7.12731124E-01,+4.98671674E-03
+1.30178571E+00,+0.00000000E+00,+9.77521945E-01,-4.33244309E-01,+1.06922859E+00,-4.17190303E-01,-0.00000000E+00,-0.00000000E+00,+0.00000000E+00,-3.14159265E+00,-0.00000000E+00,-0.00000000E+00,+0.00000000E+00,-3.14159265E+00,+7.05195732E-01,+3.62820143E-03,+7.05205065E-01,+5.14491120E-03
+1.31785714E+00,+0.00000000E+00,+9.67109235E-01,-4.25696935E-01,+1.05665423E+00,-4.14653158E-01,-0.00000000E+00,-0.00000000E+00,+0.00000000E+00,-3.14159265E+00,-0.00000000E+00,-0.00000000E+00,+0.00000000E+00,-3.14159265E+00,+6.97879277E-01,+3.69913432E-03,+6.97889081E-01,+5.30048649E-03
+1.33392857E+00,+0.00000000E+00,+9.57154917E-01,-4.18939389E-01,+1.04482331E+00,-4.12571881E-01,-0.00000000E+00,-0.00000000E+00,+0.00000000E+00,-3.14159265E+00,-0.00000000E+00,-0.00000000E+00,+0.00000000E+00,-3.14159265E+00,+6.90757062E-01,+3.76720190E-03,+6.90767335E-01,+5.45367505E-03
+1.35000000E+00,+0.00000000E+00,+9.47616679E-01,-4.12866858E-01,+1.03365198E+00,-4.10889995E-01,-0.00000000E+00,-0.00000000E+00,+0.00000000E+00,-3.14159265E+00,-0.00000000E+00,-0.00000000E+00,+0.00000000E+00,-3.14159265E+00,+6.83815189E-01,+3.83260596E-03,+6.83825930E-01,+5.60468075E-03
+1.36607143E+00,+0.00000000E+00,+9.38457548E-01,-4.07392253E-01,+1.02306941E+00,-4.09560133E-01,-0.00000000E+00,-0.00000000E+00,+0.00000000E+00,-3.14159265E+00,-0.00000000E+00,-0.00000000E+00,+0.00000000E+00,-3.14159265E+00,+6.77041390E-01,+3.89552490E-03,+6.77052597E-01,+5.75368355E-03
+1.38214286E+00,+0.00000000E+00,+9.29645081E-01,-4.02442587E-01,+1.01301531E+00,-4.08542248E-01,-0.00000000E+00,-0.00000000E+00,+0.00000000E+00,-3.14159265E+00,-0.00000000E+00,-0.00000000E+00,+0.00000000E+00,-3.14159265E+00,+6.70424770E-01,+3.95611732E-03,+6.70436442E-01,+5.90084315E-03
+1.39821429E+00,+0.00000000E+00,+9.21150693E-01,-3.97956221E-01,+1.00343797E+00,-4.07802232E-01,-0.00000000E+00,-0.00000000E+00,+0.00000000E+00,-3.14159265E+00,-0.00000000E+00,-0.00000000E+00,+0.00000000E+00,-3.14159265E+00,+6.63955604E-01,+4.01452503E-03,+6.63967740E-01,+6.04630202E-03
+1.41428571E+00,+0.00000000E+00,+9.12949100E-01,-3.93880723E-01,+9.94292755E-01,-4.07310834E-01,-0.00000000E+00,-0.00000000E+00,+0.00000000E+00,-3.14159265E+00,-0.00000000E+00,-0.00000000E+00,+0.00000000E+00,-3.14159265E+00,+6.57625172E-01,+4.07087536E-03,+6.57637772E-01,+6.19018787E-03
+1.43035714E+00,+0.00000000E+00,+9.05017850E-01,-3.90171206E-01,+9.85540906E-01,-4.07042818E-01,-0.00000000E+00,-0.00000000E+00,+0.00000000E+00,-3.14159265E+00,-0.00000000E+00,-0.00000000E+00,+0.00000000E+00,-3.14159265E+00,+6.51425620E-01,+4.12528323E-03,+6.51438682E-01,+6.33261567E-03
+1.44642857E+00,+0.00000000E+00,+8.97336933E-01,-3.86789008E-01,+9.77148560E-01,-4.06976281E-01,-0.00000000E+00,-0.00000000E+00,+0.00000000E+00,-3.14159265E+00,-0.00000000E+00,-0.00000000E+00,+0.00000000E+00,-3.14159265E+00,+6.45349845E-01,+4.17785277E-03,+6.45363368E-01,+6.47368933E-03
+1.46250000E+00,+0.00000000E+00,+8.89888455E-01,-3.83700647E-01,+9.69085986E-01,-4.07092116E-01,-0.00000000E+00,-0.00000000E+00,+0.00000000E+00,-3.14159265E+00,-0.00000000E+00,-0.00000000E+00,+0.00000000E+00,-3.14159265E+00,+6.39391398E-01,+4.22867866E-03,+6.39405381E-01,+6.61350312E-03
+1.47857143E+00,+0.00000000E+00,+8.82656357E-01,-3.80876972E-01,+9.61326954E-01,-4.07373569E-01,-0.00000000E+00,-0.00000000E+00,+0.00000000E+00,-3.14159265E+00,-0.00000000E+00,-0.00000000E+00,+0.00000000E+00,-3.14159265E+00,+6.33544407E-01,+4.27784735E-03,+6.33558849E-01,+6.75214285E-03
+1.49464286E+00,+0.00000000E+00,+8.75626182E-01,-3.78292485E-01,+9.53848214E-01,-4.07805887E-01,-0.00000000E+00,-0.00000000E+00,+0.00000000E+00,-3.14159265E+00,-0.00000000E+00,-0.00000000E+00,+0.00000000E+00,-3.14159265E+00,+6.27803503E-01,+4.32543801E-03,+6.27818403E-01,+6.88968690E-03
+1.51071429E+00,+0.00000000E+00,+8.68784878E-01,-3.75924784E-01,+9.46629076E-01,-4.08376017E-01,-0.00000000E+00,-0.00000000E+00,+0.00000000E+00,-3.14159265E+00,-0.00000000E+00,-0.00000000E+00,+0.00000000E+00,-3.14159265E+00,+6.22163765E-01,+4.37152338E-03,+6.22179123E-01,+7.02620706E-03
+1.52678571E+00,+0.00000000E+00,+8.62120623E-01,-3.73754104E-01,+9.39651052E-01,-4.09072367E-01,-0.00000000E+00,-0.00000000E+00,+0.00000000E+00,-3.14159265E+00,-0.00000000E+00,-0.00000000E+00,+0.00000000E+00,-3.14159265E+00,+6.16620672E-01,+4.41617049E-03,+6.16636486E-01,+7.16176928E-03
+1.54285714E+00,+0.00000000E+00,+8.55622683E-01,-3.71762938E-01,+9.32897560E-01,-4.09884605E-01,-0.00000000E+00,-0.00000000E+00,+0.00000000E+00,-3.14159265E+00,-0.00000000E+00,-0.00000000E+00,+0.00000000E+00,-3.14159265E+00,+6.11170054E-01,+4.45944129E-03,+6.11186323E-01,+7.29643432E-03
+1.55892857E+00,+0.00000000E+00,+8.49281286E-01,-3.69935724E-01,+9.26353681E-01,-4.10803487E-01,-0.00000000E+00,-0.00000000E+00,+0.00000000E+00,-3.14159265E+00,-0.00000000E+00,-0.00000000E+00,+0.00000000E+00,-3.14159265E+00,+6.05808057E-01,+4.50139317E-03,+6.05824780E-01,+7.43025828E-03
+1.57500000E+00,+0.00000000E+00,+8.43087510E-01,-3.68258581E-01,+9.20005941E-01,-4.11820714E-01,-0.00000000E+00,-0.00000000E+00,+0.00000000E+00,-3.14159265E+00,-0.00000000E+00,-0.00000000E+00,+0.00000000E+00,-3.14159265E+00,+6.00531113E-01,+4.54207941E-03,+6.00548290E-01,+7.56329306E-03
+1.59107143E+00,+0.00000000E+00,+8.37033194E-01,-3.66719088E-01,+9.13842140E-01,-4.12928817E-01,-0.00000000E+00,-0.00000000E+00,+0.00000000E+00,-3.14159265E+00,-0.00000000E+00,-0.00000000E+00,+0.00000000E+00,-3.14159265E+00,+5.95335910E-01,+4.58154965E-03,+5.95353539E-01,+7.69558686E-03
+1.60714286E+00,+0.00000000E+00,+8.31110855E-01,-3.65306094E-01,+9.07851197E-01,-4.14121046E-01,-0.00000000E+00,-0.00000000E+00,+0.00000000E+00,-3.14159265E+00,-0.00000000E+00,-0.00000000E+00,+0.00000000E+00,-3.14159265E+00,+5.90219364E-01,+4.61985017E-03,+5.90237445E-01,+7.82718444E-03
+1.62321429E+00,+0.00000000E+00,+8.25313615E-01,-3.64009565E-01,+9.02023019E-01,-4.15391292E-01,-0.00000000E+00,-0.00000000E+00,+0.00000000E+00,-3.14159265E+00,-0.00000000E+00,-0.00000000E+00,+0.00000000E+00,-3.14159265E+00,+5.85178603E-01,+4.65702425E-03,+5.85197134E-01,+7.95812751E-03
+1.63928571E+00,+0.00000000E+00,+8.19635140E-01,-3.62820441E-01,+8.96348390E-01,-4.16734005E-01,-0.00000000E+00,-0.00000000E+00,+0.00000000E+00,-3.14159265E+00,-0.00000000E+00,-0.00000000E+00,+0.00000000E+00,-3.14159265E+00,+5.80210942E-01,+4.69311246E-03,+5.80229922E-01,+8.08845502E-03
+1.65535714E+00,+0.00000000E+00,+8.14069586E-01,-3.61730527E-01,+8.90818874E-01,-4.18144134E-01,-0.00000000E+00,-0.00000000E+00,+0.00000000E+00,-3.14159265E+00,-0.00000000E+00,-0.00000000E+00,+0.00000000E+00,-3.14159265E+00,+5.75313870E-01,+4.72815283E-03,+5.75333298E-01,+8.21820337E-03
+1.67142857E+00,+0.00000000E+00,+8.08611551E-01,-3.60732388E-01,+8.85426731E-01,-4.19617068E-01,-0.00000000E+00,-0.00000000E+00,+0.00000000E+00,-3.14159265E+00,-0.00000000E+00,-0.00000000E+00,+0.00000000E+00,-3.14159265E+00,+5.70485032E-01,+4.76218117E-03,+5.70504908E-01,+8.34740666E-03
+1.68750000E+00,+0.00000000E+00,+8.03256030E-01,-3.59819264E-01,+8.80164844E-01,-4.21148589E-01,-0.00000000E+00,-0.00000000E+00,+0.00000000E+00,-3.14159265E+00,-0.00000000E+00,-0.00000000E+00,+0.00000000E+00,-3.14159265E+00,+5.65722219E-01,+4.79523117E-03,+5.65742541E-01,+8.47609688E-03
+1.70357143E+00,+0.00000000E+00,+7.97998382E-01,-3.58984995E-01,+8.75026654E-01,-4.22734831E-01,-0.00000000E+00,-0.00000000E+00,+0.00000000E+00,-3.14159265E+00,-0.00000000E+00,-0.00000000E+00,+0.00000000E+00,-3.14159265E+00,+5.61023350E-01,+4.82733464E-03,+5.61044118E-01,+8.60430410E-03
+1.71964286E+00,+0.00000000E+00,+7.92834292E-01,-3.58223961E-01,+8.70006104E-01,-4.24372244E-01,-0.00000000E+00,-0.00000000E+00,+0.00000000E+00,-3.14159265E+00,-0.00000000E+00,-0.00000000E+00,+0.00000000E+00,-3.14159265E+00,+5.56386469E-01,+4.85852164E-03,+5.56407682E-01,+8.73205662E-03
+1.73571429E+00,+0.00000000E+00,+7.87759745E-01,-3.57531015E-01,+8.65097591E-01,-4.26057556E-01,-0.00000000E+00,-0.00000000E+00,+0.00000000E+00,-3.14159265E+00,-0.00000000E+00,-0.00000000E+00,+0.00000000E+00,-3.14159265E+00,+5.51809728E-01,+4.88882059E-03,+5.51831384E-01,+8.85938113E-03
+1.75178571E+00,+0.00000000E+00,+7.82770997E-01,-3.56901444E-01,+8.60295922E-01,-4.27787753E-01,-0.00000000E+00,-0.00000000E+00,+0.00000000E+00,-3.14159265E+00,-0.00000000E+00,-0.00000000E+00,+0.00000000E+00,-3.14159265E+00,+5.47291382E-01,+4.91825846E-03,+5.47313480E-01,+8.98630279E-03
+1.76785714E+00,+0.00000000E+00,+7.77864553E-01,-3.56330918E-01,+8.55596275E-01,-4.29560049E-01,-0.00000000E+00,-0.00000000E+00,+0.00000000E+00,-3.14159265E+00,-0.00000000E+00,-0.00000000E+00,+0.00000000E+00,-3.14159265E+00,+5.42829781E-01,+4.94686082E-03,+5.42852321E-01,+9.11284543E-03
+1.78392857E+00,+0.00000000E+00,+7.73037146E-01,-3.55815456E-01,+8.50994164E-01,-4.31371864E-01,-0.00000000E+00,-0.00000000E+00,+0.00000000E+00,-3.14159265E+00,-0.00000000E+00,-0.00000000E+00,+0.00000000E+00,-3.14159265E+00,+5.38423362E-01,+4.97465198E-03,+5.38446343E-01,+9.23903155E-03
+1.80000000E+00,+0.00000000E+00,+7.68285716E-01,-3.55351391E-01,+8.46485412E-01,-4.33220806E-01,-0.00000000E+00,-0.00000000E+00,+0.00000000E+00,-3.14159265E+00,-0.00000000E+00,-0.00000000E+00,+0.00000000E+00,-3.14159265E+00,+5.34070644E-01,+5.00165506E-03,+5.34094064E-01,+9.36488253E-03
